timestamp,machine_id,accuracy
2026-05-18 09:03:59,M1,1.0
2026-05-18 09:03:59,M2,0.9938650306748467
2026-05-18 09:03:59,M3,1.0
2026-05-18 09:04:10,M1,1.0
2026-05-18 09:04:10,M2,0.9938650306748467
2026-05-18 09:04:10,M3,1.0
2026-05-18 09:04:20,M1,1.0
2026-05-18 09:04:20,M2,0.9939024390243902
2026-05-18 09:04:20,M3,1.0
2026-05-18 09:04:31,M1,1.0
2026-05-18 09:04:31,M2,0.9939024390243902
2026-05-18 09:04:31,M3,1.0
2026-05-18 09:04:41,M1,1.0
2026-05-18 09:04:42,M2,0.9939024390243902
2026-05-18 09:04:42,M3,1.0
2026-05-18 09:04:53,M1,1.0
2026-05-18 09:04:53,M2,0.9939024390243902
2026-05-18 09:04:53,M3,1.0
2026-05-18 09:05:04,M1,1.0
2026-05-18 09:05:04,M2,0.9939393939393939
2026-05-18 09:05:04,M3,1.0
2026-05-18 09:05:15,M1,1.0
2026-05-18 09:05:15,M2,0.9939393939393939
2026-05-18 09:05:15,M3,1.0
2026-05-18 09:05:26,M1,1.0
2026-05-18 09:05:26,M2,0.9939393939393939
2026-05-18 09:05:26,M3,1.0
2026-05-18 09:05:37,M1,1.0
2026-05-18 09:05:37,M2,0.9939759036144579
2026-05-18 09:05:37,M3,1.0
2026-05-18 09:05:48,M1,1.0
2026-05-18 09:05:48,M2,0.9939759036144579
2026-05-18 09:05:48,M3,1.0
2026-05-18 09:05:59,M1,1.0
2026-05-18 09:05:59,M2,0.9939759036144579
2026-05-18 09:05:59,M3,1.0
2026-05-18 09:06:04,M1,1.0
2026-05-18 09:06:04,M2,0.9939759036144579
2026-05-18 09:06:05,M3,1.0
2026-05-18 09:06:15,M1,1.0
2026-05-18 09:06:15,M2,0.9940119760479041
2026-05-18 09:07:09,M1,1.0
2026-05-18 09:07:09,M2,0.9940828402366864
2026-05-18 09:07:09,M3,1.0
2026-05-18 09:07:20,M1,1.0
2026-05-18 09:07:20,M2,0.9940828402366864
2026-05-18 09:07:20,M3,1.0
2026-05-18 09:07:31,M1,1.0
2026-05-18 09:07:31,M2,0.9940828402366864
2026-05-18 09:07:31,M3,1.0
2026-05-18 09:07:42,M1,1.0
2026-05-18 09:07:43,M2,0.9940828402366864
2026-05-18 09:07:43,M3,1.0
2026-05-18 09:07:54,M1,1.0
2026-05-18 09:07:54,M2,0.9941176470588236
2026-05-18 09:07:54,M3,1.0
2026-05-18 09:08:05,M1,1.0
2026-05-18 09:08:05,M2,0.9941176470588236
2026-05-18 09:08:05,M3,1.0
2026-05-18 09:08:16,M1,1.0
2026-05-18 09:08:16,M2,0.9941176470588236
2026-05-18 09:08:16,M3,1.0
2026-05-25 18:08:38,M1,1.0
2026-05-25 18:08:39,M2,0.9941520467836257
2026-05-25 18:08:39,M3,1.0
2026-05-25 18:08:49,M1,1.0
2026-05-25 18:08:50,M2,0.9941520467836257
2026-05-25 18:08:50,M3,1.0
2026-05-25 18:09:00,M1,1.0
2026-05-25 18:09:01,M2,0.9941520467836257
2026-05-25 18:09:01,M3,1.0
2026-05-25 18:09:12,M1,1.0
2026-05-25 18:09:12,M2,0.9941520467836257
2026-05-25 18:09:12,M3,1.0
2026-05-25 18:09:23,M1,1.0
2026-05-25 18:09:23,M2,0.9941520467836257
2026-05-25 18:09:23,M3,1.0
2026-05-25 18:09:34,M1,1.0
2026-05-25 18:09:34,M2,0.9941860465116279
2026-05-25 18:09:34,M3,1.0
2026-05-25 18:09:45,M1,1.0
2026-05-25 18:09:45,M2,0.9942196531791907
2026-05-25 18:09:45,M3,1.0
2026-05-25 18:09:56,M1,1.0
2026-05-25 18:09:56,M2,0.9942196531791907
2026-05-25 18:09:56,M3,1.0
2026-05-25 18:10:07,M1,1.0
2026-05-25 18:10:07,M2,0.9942196531791907
2026-05-25 18:10:08,M3,1.0
2026-05-25 18:10:18,M1,1.0
2026-05-25 18:10:18,M2,0.9942528735632183
2026-05-25 18:10:19,M3,1.0
2026-05-25 18:10:29,M1,1.0
2026-05-25 18:10:29,M2,0.9942528735632183
2026-05-25 18:10:29,M3,1.0
2026-05-25 18:10:40,M1,1.0
2026-05-25 18:10:40,M2,0.9942528735632183
2026-05-25 18:10:40,M3,1.0
2026-05-25 18:10:50,M1,1.0
2026-05-25 18:10:50,M2,0.9942528735632183
2026-05-25 18:10:51,M3,1.0
2026-05-25 18:11:01,M1,1.0
2026-05-25 18:11:02,M2,0.9942857142857143
2026-05-25 18:11:02,M3,1.0
2026-05-25 18:11:13,M1,1.0
2026-05-25 18:11:13,M2,0.9942857142857143
2026-05-25 18:11:13,M3,1.0
2026-05-25 18:11:24,M1,1.0
2026-05-25 18:11:24,M2,0.9943181818181818
2026-05-25 18:11:24,M3,1.0
2026-05-25 18:11:35,M1,1.0
2026-05-25 18:11:35,M2,0.9943181818181818
2026-05-25 18:11:35,M3,1.0
2026-05-25 18:11:46,M1,1.0
2026-05-25 18:11:46,M2,0.9943181818181818
2026-05-25 18:11:46,M3,1.0
2026-05-25 18:11:57,M1,1.0
2026-05-25 18:11:57,M2,0.9943181818181818
2026-05-25 18:11:57,M3,1.0
2026-05-25 18:12:08,M1,1.0
2026-05-25 18:12:08,M2,0.9943820224719101
2026-05-25 18:12:08,M3,1.0
2026-05-25 18:12:19,M1,1.0
2026-05-25 18:12:19,M2,0.9943820224719101
2026-05-25 18:12:19,M3,1.0
2026-05-25 18:12:30,M1,1.0
2026-05-25 18:12:30,M2,0.9943820224719101
2026-05-25 18:12:30,M3,1.0
2026-05-25 18:12:41,M1,1.0
2026-05-25 18:12:41,M2,0.9943820224719101
2026-05-25 18:12:42,M3,1.0
2026-05-25 18:12:52,M1,1.0
2026-05-25 18:12:52,M2,0.994413407821229
2026-05-25 18:12:53,M3,1.0
2026-05-25 18:13:04,M1,1.0
2026-05-25 18:13:04,M2,0.994413407821229
2026-05-25 18:13:04,M3,0.994535519125683
2026-05-25 18:13:15,M1,1.0
2026-05-25 18:13:15,M2,0.9944444444444445
2026-05-25 18:13:16,M3,1.0
2026-05-25 18:13:26,M1,1.0
2026-05-25 18:13:26,M2,0.9944444444444445
2026-05-25 18:13:27,M3,1.0
2026-05-25 18:13:37,M1,1.0
2026-05-25 18:13:38,M2,0.9944444444444445
2026-05-25 18:13:38,M3,1.0
2026-05-25 18:13:48,M1,1.0
2026-05-25 18:13:49,M2,0.994475138121547
2026-05-25 18:13:49,M3,0.9891304347826086
2026-05-25 18:14:00,M1,1.0
2026-05-25 18:14:00,M2,0.994475138121547
2026-05-25 18:14:00,M3,1.0
2026-05-25 18:14:11,M1,1.0
2026-05-25 18:14:11,M2,0.994475138121547
2026-05-25 18:14:11,M3,1.0
2026-05-25 18:14:22,M1,1.0
2026-05-25 18:14:22,M2,0.994475138121547
2026-05-25 18:14:22,M3,1.0
2026-05-25 18:14:33,M1,1.0
2026-05-25 18:14:33,M2,0.994475138121547
2026-05-25 18:14:33,M3,1.0
2026-05-25 18:14:44,M1,1.0
2026-05-25 18:14:44,M2,0.994475138121547
2026-05-25 18:14:44,M3,0.9946236559139785
2026-05-25 18:14:55,M1,1.0
2026-05-25 18:14:55,M2,0.9945054945054945
2026-05-25 18:14:55,M3,1.0
2026-05-25 18:15:06,M1,1.0
2026-05-25 18:15:06,M2,0.9945054945054945
2026-05-25 18:15:06,M3,1.0
2026-05-25 18:15:17,M1,1.0
2026-05-25 18:15:17,M2,0.9945054945054945
2026-05-25 18:15:17,M3,1.0
2026-05-25 18:15:28,M1,1.0
2026-05-25 18:15:28,M2,0.994535519125683
2026-05-25 18:15:28,M3,1.0
2026-05-25 18:15:39,M1,1.0
2026-05-25 18:15:39,M2,0.994535519125683
2026-05-25 18:15:39,M3,1.0
2026-05-25 18:15:50,M1,1.0
2026-05-25 18:15:50,M2,0.994535519125683
2026-05-25 18:15:50,M3,1.0
2026-05-25 18:16:01,M1,1.0
2026-05-25 18:16:01,M2,0.994535519125683
2026-05-25 18:16:02,M3,1.0
2026-05-25 18:16:12,M1,0.994535519125683
2026-05-25 18:16:13,M2,0.9945652173913043
2026-05-25 18:16:13,M3,1.0
2026-05-25 18:16:23,M1,1.0
2026-05-25 18:16:24,M2,0.9945652173913043
2026-05-25 18:16:24,M3,1.0
2026-05-25 18:16:34,M1,1.0
2026-05-25 18:16:35,M2,0.9945652173913043
2026-05-25 18:16:35,M3,1.0
2026-05-25 18:16:45,M1,1.0
2026-05-25 18:16:46,M2,1.0
2026-05-25 18:16:46,M3,1.0
2026-05-25 18:16:57,M1,1.0
2026-05-25 18:16:57,M2,1.0
2026-05-25 18:16:57,M3,1.0
2026-05-25 18:17:08,M1,1.0
2026-05-25 18:17:08,M2,1.0
2026-05-25 18:17:08,M3,1.0
2026-05-25 18:17:19,M1,1.0
2026-05-25 18:17:19,M2,1.0
2026-05-25 18:17:19,M3,0.9947643979057592
2026-05-25 18:24:56,M1,1.0
2026-05-25 18:24:56,M2,1.0
2026-05-25 18:24:57,M3,1.0
2026-05-25 18:25:07,M1,0.9946808510638298
2026-05-25 18:25:07,M2,1.0
2026-05-25 18:25:08,M3,1.0
2026-05-25 18:25:18,M1,0.9946808510638298
2026-05-25 18:25:18,M2,1.0
2026-05-25 18:25:18,M3,1.0
2026-05-25 18:25:29,M1,1.0
2026-05-25 18:25:29,M2,1.0
2026-05-25 18:25:29,M3,1.0
2026-05-25 18:25:40,M1,1.0
2026-05-25 18:25:40,M2,1.0
2026-05-25 18:25:40,M3,1.0
2026-05-25 18:25:51,M1,1.0
2026-05-25 18:25:51,M2,1.0
2026-05-25 18:25:51,M3,1.0
2026-05-25 18:26:01,M1,1.0
2026-05-25 18:26:02,M2,1.0
2026-05-25 18:26:02,M3,0.9896907216494846
2026-05-25 18:26:12,M1,1.0
2026-05-25 18:26:12,M2,1.0
2026-05-25 18:26:12,M3,1.0
2026-05-25 18:26:23,M1,1.0
2026-05-25 18:26:23,M2,1.0
2026-05-25 18:26:23,M3,1.0
2026-05-25 18:26:33,M1,1.0
2026-05-25 18:26:33,M2,1.0
2026-05-25 18:26:33,M3,1.0
2026-05-25 18:26:43,M1,1.0
2026-05-25 18:26:43,M2,1.0
2026-05-25 18:26:44,M3,1.0
2026-05-25 18:26:54,M1,1.0
2026-05-25 18:26:54,M2,0.9895833333333334
2026-05-25 18:26:54,M3,1.0
2026-05-25 18:27:05,M1,1.0
2026-05-25 18:27:05,M2,0.9948186528497409
2026-05-25 18:27:05,M3,1.0
2026-05-25 18:27:16,M1,1.0
2026-05-25 18:27:16,M2,1.0
2026-05-25 18:27:16,M3,1.0
2026-05-25 18:27:26,M1,1.0
2026-05-25 18:27:26,M2,1.0
2026-05-25 18:27:27,M3,1.0
2026-05-25 18:27:37,M1,1.0
2026-05-25 18:27:37,M2,1.0
2026-05-25 18:27:37,M3,1.0
2026-05-25 18:27:48,M1,1.0
2026-05-25 18:27:48,M2,1.0
2026-05-25 18:27:48,M3,1.0
2026-05-25 18:27:58,M1,1.0
2026-05-25 18:27:59,M2,1.0
2026-05-25 18:27:59,M3,1.0
2026-05-25 18:28:09,M1,1.0
2026-05-25 18:28:09,M2,1.0
2026-05-25 18:28:09,M3,1.0
2026-05-25 18:28:20,M1,1.0
2026-05-25 18:28:20,M2,1.0
2026-05-25 18:28:20,M3,1.0
2026-05-25 18:28:30,M1,1.0
2026-05-25 18:28:31,M2,1.0
2026-05-25 18:28:31,M3,1.0
2026-05-25 18:28:41,M1,1.0
2026-05-25 18:28:41,M2,1.0
2026-05-25 18:28:41,M3,1.0
2026-05-25 18:28:52,M1,1.0
2026-05-25 18:28:52,M2,1.0
2026-05-25 18:28:52,M3,1.0
2026-05-25 18:29:02,M1,1.0
2026-05-25 18:29:02,M2,1.0
2026-05-25 18:29:03,M3,1.0
2026-05-25 18:29:13,M1,1.0
2026-05-25 18:29:13,M2,1.0
2026-05-25 18:29:13,M3,1.0
2026-05-25 18:45:18,M1,1.0
2026-05-25 18:45:18,M2,1.0
2026-05-25 18:45:19,M3,0.9950248756218906
2026-05-25 18:45:29,M1,1.0
2026-05-25 18:45:29,M2,1.0
2026-05-25 18:45:29,M3,0.995049504950495
2026-05-25 18:45:39,M1,1.0
2026-05-25 18:45:39,M2,0.98989898989899
2026-05-25 18:45:40,M3,1.0
2026-05-25 18:45:50,M1,1.0
2026-05-25 18:45:50,M2,1.0
2026-05-25 18:45:50,M3,1.0
2026-05-25 18:46:01,M1,1.0
2026-05-25 18:46:01,M2,1.0
2026-05-25 18:46:01,M3,1.0
2026-05-25 18:46:11,M1,1.0
2026-05-25 18:46:11,M2,1.0
2026-05-25 18:46:12,M3,1.0
2026-05-25 18:46:22,M1,1.0
2026-05-25 18:46:22,M2,1.0
2026-05-25 18:46:22,M3,1.0
2026-05-25 18:46:33,M1,1.0
2026-05-25 18:46:33,M2,1.0
2026-05-25 18:46:33,M3,1.0
2026-05-25 18:46:43,M1,1.0
2026-05-25 18:46:44,M2,1.0
2026-05-25 18:46:44,M3,1.0
2026-05-25 18:46:54,M1,1.0
2026-05-25 18:46:54,M2,1.0
2026-05-25 18:46:54,M3,1.0
2026-05-25 18:47:05,M1,1.0
2026-05-25 18:47:05,M2,1.0
2026-05-25 18:47:05,M3,1.0
2026-05-25 18:47:15,M1,1.0
2026-05-25 18:47:15,M2,1.0
2026-05-25 18:47:15,M3,1.0
2026-05-25 18:47:26,M1,1.0
2026-05-25 18:47:26,M2,1.0
2026-05-25 18:47:26,M3,1.0
2026-05-25 18:47:36,M1,1.0
2026-05-25 18:47:36,M2,1.0
2026-05-25 18:47:37,M3,1.0
2026-05-25 18:47:47,M1,1.0
2026-05-25 18:47:47,M2,1.0
2026-05-25 18:47:48,M3,1.0
2026-05-25 18:47:58,M1,1.0
2026-05-25 18:47:58,M2,1.0
2026-05-25 18:47:58,M3,1.0
2026-05-25 18:48:09,M1,1.0
2026-05-25 18:48:09,M2,1.0
2026-05-25 18:48:09,M3,1.0
2026-05-25 18:48:20,M1,1.0
2026-05-25 18:48:20,M2,1.0
2026-05-25 18:48:20,M3,0.9951690821256038
2026-05-25 18:48:30,M1,1.0
2026-05-25 18:48:30,M2,1.0
2026-05-25 18:48:31,M3,0.9951690821256038
2026-05-25 18:48:41,M1,1.0
2026-05-25 18:48:41,M2,1.0
2026-05-25 18:48:41,M3,0.9951923076923077
2026-05-25 18:48:52,M1,1.0
2026-05-25 18:48:52,M2,1.0
2026-05-25 18:48:52,M3,1.0
2026-05-25 18:49:03,M1,1.0
2026-05-25 18:49:03,M2,1.0
2026-05-25 18:49:03,M3,1.0
2026-05-25 18:49:13,M1,1.0
2026-05-25 18:49:13,M2,1.0
2026-05-25 18:49:14,M3,1.0
2026-05-25 18:49:24,M1,1.0
2026-05-25 18:49:24,M2,1.0
2026-05-25 18:49:24,M3,1.0
2026-05-25 18:49:35,M1,1.0
2026-05-25 18:49:35,M2,1.0
2026-05-25 18:49:35,M3,0.9952380952380953
2026-05-25 18:49:46,M1,1.0
2026-05-25 18:49:46,M2,1.0
2026-05-25 18:49:46,M3,1.0
2026-05-25 18:49:56,M1,1.0
2026-05-25 18:49:57,M2,1.0
2026-05-25 18:49:57,M3,1.0
2026-05-25 18:50:07,M1,1.0
2026-05-25 18:50:07,M2,1.0
2026-05-25 18:50:08,M3,1.0
2026-05-25 18:50:18,M1,1.0
2026-05-25 18:50:18,M2,1.0
2026-05-25 18:50:18,M3,1.0
2026-05-25 18:50:28,M1,1.0
2026-05-25 18:50:28,M2,1.0
2026-05-25 18:50:28,M3,1.0
2026-05-25 18:50:39,M1,1.0
2026-05-25 18:50:39,M2,1.0
2026-05-25 18:50:39,M3,1.0
2026-05-25 18:50:49,M1,1.0
2026-05-25 18:50:49,M2,1.0
2026-05-25 18:50:50,M3,1.0
2026-05-25 18:51:00,M1,1.0
2026-05-25 18:51:00,M2,1.0
2026-05-25 18:51:00,M3,1.0
2026-05-25 18:51:11,M1,1.0
2026-05-25 18:51:11,M2,1.0
2026-05-25 18:51:11,M3,1.0
2026-05-25 18:51:22,M1,1.0
2026-05-25 18:51:22,M2,1.0
2026-05-25 18:51:22,M3,1.0
2026-05-25 18:51:33,M1,1.0
2026-05-25 18:51:33,M2,1.0
2026-05-25 18:51:33,M3,1.0
2026-05-25 18:51:44,M1,1.0
2026-05-25 18:51:44,M2,1.0
2026-05-25 18:51:44,M3,1.0
2026-05-25 18:51:54,M1,1.0
2026-05-25 18:51:55,M2,1.0
2026-05-25 18:51:55,M3,1.0
2026-05-25 18:52:05,M1,1.0
2026-05-25 18:52:06,M2,1.0
2026-05-25 18:52:06,M3,1.0
2026-05-25 18:52:16,M1,1.0
2026-05-25 18:52:16,M2,1.0
2026-05-25 18:52:16,M3,1.0
2026-05-25 18:52:27,M1,1.0
2026-05-25 18:52:27,M2,1.0
2026-05-25 18:52:27,M3,1.0
2026-05-25 18:52:38,M1,1.0
2026-05-25 18:52:38,M2,1.0
2026-05-25 18:52:38,M3,1.0
2026-05-25 18:52:48,M1,1.0
2026-05-25 18:52:49,M2,1.0
2026-05-25 18:52:49,M3,1.0
2026-05-25 18:52:59,M1,1.0
2026-05-25 18:53:00,M2,1.0
2026-05-25 18:53:00,M3,1.0
2026-05-25 18:53:10,M1,1.0
2026-05-25 18:53:10,M2,1.0
2026-05-25 18:53:10,M3,0.9953917050691244
2026-05-25 18:53:21,M1,1.0
2026-05-25 18:53:21,M2,1.0
2026-05-25 18:53:21,M3,1.0
2026-05-25 18:53:32,M1,1.0
2026-05-25 18:53:32,M2,1.0
2026-05-25 18:53:32,M3,1.0
2026-05-25 18:53:43,M1,1.0
2026-05-25 18:53:43,M2,1.0
2026-05-25 18:53:43,M3,1.0
2026-05-25 18:53:53,M1,1.0
2026-05-25 18:53:54,M2,1.0
2026-05-25 18:53:54,M3,1.0
2026-05-25 18:54:04,M1,1.0
2026-05-25 18:54:05,M2,1.0
2026-05-25 18:54:05,M3,1.0
2026-05-25 18:54:15,M1,1.0
2026-05-25 18:54:15,M2,1.0
2026-05-25 18:54:15,M3,1.0
2026-05-25 18:54:26,M1,1.0
2026-05-25 18:54:26,M2,1.0
2026-05-25 18:54:26,M3,1.0
2026-05-25 18:54:37,M1,1.0
2026-05-25 18:54:37,M2,1.0
2026-05-25 18:54:37,M3,1.0
2026-05-25 18:54:48,M1,1.0
2026-05-25 18:54:48,M2,1.0
2026-05-25 18:54:48,M3,1.0
2026-05-25 18:54:58,M1,1.0
2026-05-25 18:54:58,M2,1.0
2026-05-25 18:54:59,M3,1.0
2026-05-25 18:55:09,M1,1.0
2026-05-25 18:55:09,M2,1.0
2026-05-25 18:55:09,M3,1.0
2026-05-25 18:55:20,M1,1.0
2026-05-25 18:55:20,M2,1.0
2026-05-25 18:55:20,M3,1.0
2026-05-25 18:55:31,M1,1.0
2026-05-25 18:55:31,M2,1.0
2026-05-25 18:55:31,M3,0.9954954954954955
2026-05-25 18:55:42,M1,1.0
2026-05-25 18:55:42,M2,1.0
2026-05-25 18:55:42,M3,1.0
2026-05-25 18:55:52,M1,1.0
2026-05-25 18:55:53,M2,1.0
2026-05-25 18:55:53,M3,1.0
2026-05-25 18:56:03,M1,1.0
2026-05-25 18:56:03,M2,1.0
2026-05-25 18:56:04,M3,1.0
2026-05-25 18:56:14,M1,1.0
2026-05-25 18:56:14,M2,1.0
2026-05-25 18:56:14,M3,1.0
2026-05-25 18:56:25,M1,1.0
2026-05-25 18:56:25,M2,1.0
2026-05-25 18:56:25,M3,0.9955357142857143
2026-05-25 18:56:36,M1,1.0
2026-05-25 18:56:36,M2,1.0
2026-05-25 18:56:36,M3,1.0
2026-05-25 18:56:46,M1,1.0
2026-05-25 18:56:46,M2,1.0
2026-05-25 18:56:47,M3,1.0
2026-05-25 18:56:57,M1,1.0
2026-05-25 18:56:57,M2,1.0
2026-05-25 18:56:57,M3,1.0
2026-05-25 18:57:08,M1,1.0
2026-05-25 18:57:08,M2,1.0
2026-05-25 18:57:08,M3,1.0
2026-05-25 18:57:19,M1,1.0
2026-05-25 18:57:19,M2,1.0
2026-05-25 18:57:19,M3,1.0
2026-05-25 18:57:29,M1,1.0
2026-05-25 18:57:29,M2,1.0
2026-05-25 18:57:30,M3,0.9955947136563876
2026-05-25 18:57:40,M1,1.0
2026-05-25 18:57:40,M2,1.0
2026-05-25 18:57:40,M3,0.9955947136563876
2026-05-25 18:57:51,M1,1.0
2026-05-25 18:57:51,M2,1.0
2026-05-25 18:57:51,M3,1.0
2026-05-25 18:58:02,M1,1.0
2026-05-25 18:58:02,M2,1.0
2026-05-25 18:58:02,M3,1.0
2026-05-25 18:58:13,M1,1.0
2026-05-25 18:58:13,M2,1.0
2026-05-25 18:58:13,M3,1.0
2026-05-25 18:58:23,M1,1.0
2026-05-25 18:58:24,M2,1.0
2026-05-25 18:58:24,M3,1.0
2026-05-25 18:58:34,M1,1.0
2026-05-25 18:58:34,M2,1.0
2026-05-25 18:58:34,M3,1.0
2026-05-25 18:58:45,M1,1.0
2026-05-25 18:58:45,M2,1.0
2026-05-25 18:58:45,M3,1.0
2026-05-25 18:58:56,M1,1.0
2026-05-25 18:58:56,M2,1.0
2026-05-25 18:58:56,M3,1.0
2026-05-25 18:59:07,M1,1.0
2026-05-25 18:59:07,M2,1.0
2026-05-25 18:59:07,M3,1.0
2026-05-25 18:59:17,M1,1.0
2026-05-25 18:59:18,M2,1.0
2026-05-25 18:59:18,M3,1.0
2026-05-25 18:59:28,M1,1.0
2026-05-25 18:59:28,M2,1.0
2026-05-25 18:59:29,M3,1.0
2026-05-25 18:59:39,M1,1.0
2026-05-25 18:59:39,M2,1.0
2026-05-25 18:59:39,M3,1.0
2026-05-25 18:59:50,M1,1.0
2026-05-25 18:59:50,M2,1.0
2026-05-25 18:59:50,M3,1.0
2026-05-25 19:00:01,M1,1.0
2026-05-25 19:00:01,M2,1.0
2026-05-25 19:00:01,M3,1.0
2026-05-25 19:00:11,M1,1.0
2026-05-25 19:00:12,M2,1.0
2026-05-25 19:00:12,M3,1.0
2026-05-25 19:00:22,M1,1.0
2026-05-25 19:00:22,M2,1.0
2026-05-25 19:00:23,M3,1.0
2026-05-25 19:00:33,M1,1.0
2026-05-25 19:00:33,M2,1.0
2026-05-25 19:00:33,M3,1.0
2026-05-25 19:00:44,M1,1.0
2026-05-25 19:00:44,M2,1.0
2026-05-25 19:00:44,M3,1.0
2026-05-25 19:00:55,M1,1.0
2026-05-25 19:00:55,M2,1.0
2026-05-25 19:00:55,M3,1.0
2026-05-25 19:01:06,M1,1.0
2026-05-25 19:01:06,M2,1.0
2026-05-25 19:01:06,M3,1.0
2026-05-25 19:01:16,M1,1.0
2026-05-25 19:01:16,M2,1.0
2026-05-25 19:01:16,M3,0.9957081545064378
2026-05-25 19:01:27,M1,0.9956709956709957
2026-05-25 19:01:27,M2,1.0
2026-05-25 19:01:27,M3,1.0
2026-05-25 19:01:38,M1,1.0
2026-05-25 19:01:38,M2,1.0
2026-05-25 19:01:38,M3,1.0
2026-05-25 19:01:49,M1,1.0
2026-05-25 19:01:49,M2,1.0
2026-05-25 19:01:49,M3,1.0
2026-05-25 19:01:59,M1,1.0
2026-05-25 19:02:00,M2,1.0
2026-05-25 19:02:00,M3,1.0
2026-05-25 19:02:10,M1,1.0
2026-05-25 19:02:10,M2,1.0
2026-05-25 19:02:11,M3,1.0
2026-05-25 19:02:21,M1,1.0
2026-05-25 19:02:21,M2,1.0
2026-05-25 19:02:21,M3,1.0
2026-05-25 19:02:32,M1,1.0
2026-05-25 19:02:32,M2,1.0
2026-05-25 19:02:32,M3,0.9957627118644068
2026-05-25 19:02:43,M1,1.0
2026-05-25 19:02:43,M2,1.0
2026-05-25 19:02:43,M3,1.0
2026-05-25 19:02:53,M1,1.0
2026-05-25 19:02:54,M2,1.0
2026-05-25 19:02:54,M3,1.0
2026-05-25 19:03:04,M1,1.0
2026-05-25 19:03:04,M2,1.0
2026-05-25 19:03:05,M3,1.0
2026-05-25 19:03:15,M1,1.0
2026-05-25 19:03:15,M2,1.0
2026-05-25 19:03:15,M3,1.0
2026-05-25 19:03:26,M1,1.0
2026-05-25 19:03:26,M2,1.0
2026-05-25 19:03:26,M3,1.0
2026-05-25 19:03:36,M1,1.0
2026-05-25 19:03:37,M2,1.0
2026-05-25 19:03:37,M3,1.0
2026-05-25 19:03:47,M1,1.0
2026-05-25 19:03:47,M2,1.0
2026-05-25 19:03:47,M3,1.0
2026-05-25 19:03:58,M1,1.0
2026-05-25 19:03:58,M2,1.0
2026-05-25 19:03:58,M3,1.0
2026-05-25 19:04:09,M1,1.0
2026-05-25 19:04:09,M2,1.0
2026-05-25 19:04:09,M3,1.0
2026-05-25 19:04:19,M1,1.0
2026-05-25 19:04:20,M2,1.0
2026-05-25 19:04:20,M3,1.0
2026-05-25 19:04:30,M1,1.0
2026-05-25 19:04:30,M2,1.0
2026-05-25 19:04:30,M3,0.9916317991631799
2026-05-25 19:04:41,M1,1.0
2026-05-25 19:04:41,M2,1.0
2026-05-25 19:04:41,M3,1.0
2026-05-25 19:04:52,M1,1.0
2026-05-25 19:04:52,M2,1.0
2026-05-25 19:04:52,M3,0.99581589958159
2026-05-25 19:05:03,M1,1.0
2026-05-25 19:05:03,M2,1.0
2026-05-25 19:05:03,M3,0.9958333333333333
2026-05-25 19:05:14,M1,1.0
2026-05-25 19:05:14,M2,1.0
2026-05-25 19:05:14,M3,1.0
2026-05-25 19:05:24,M1,1.0
2026-05-25 19:05:25,M2,1.0
2026-05-25 19:05:25,M3,1.0
2026-05-25 19:05:35,M1,1.0
2026-05-25 19:05:35,M2,1.0
2026-05-25 19:05:36,M3,0.995850622406639
2026-05-25 19:05:46,M1,1.0
2026-05-25 19:05:46,M2,1.0
2026-05-25 19:05:46,M3,1.0
2026-05-25 19:05:57,M1,1.0
2026-05-25 19:05:57,M2,1.0
2026-05-25 19:05:57,M3,1.0
2026-05-25 19:06:07,M1,1.0
2026-05-25 19:06:07,M2,1.0
2026-05-25 19:06:07,M3,1.0
2026-05-25 19:06:18,M1,1.0
2026-05-25 19:06:18,M2,1.0
2026-05-25 19:06:18,M3,1.0
2026-05-25 19:06:29,M1,1.0
2026-05-25 19:06:29,M2,1.0
2026-05-25 19:06:29,M3,1.0
2026-05-25 19:06:39,M1,1.0
2026-05-25 19:06:39,M2,1.0
2026-05-25 19:06:40,M3,1.0
2026-05-25 19:06:50,M1,1.0
2026-05-25 19:06:50,M2,1.0
2026-05-25 19:06:50,M3,0.9958847736625515
2026-05-25 19:07:01,M1,1.0
2026-05-25 19:07:01,M2,1.0
2026-05-25 19:07:01,M3,1.0
2026-05-25 19:07:11,M1,1.0
2026-05-25 19:07:11,M2,1.0
2026-05-25 19:07:11,M3,1.0
2026-05-25 19:07:22,M1,1.0
2026-05-25 19:07:22,M2,1.0
2026-05-25 19:07:22,M3,0.9959016393442623
2026-05-25 19:07:33,M1,1.0
2026-05-25 19:07:33,M2,1.0
2026-05-25 19:07:33,M3,0.9959016393442623
2026-05-25 19:07:43,M1,1.0
2026-05-25 19:07:44,M2,1.0
2026-05-25 19:07:44,M3,0.9959016393442623
2026-05-25 19:07:54,M1,1.0
2026-05-25 19:07:54,M2,1.0
2026-05-25 19:07:54,M3,0.9959016393442623
2026-05-25 19:08:05,M1,1.0
2026-05-25 19:08:05,M2,1.0
2026-05-25 19:08:05,M3,1.0
2026-05-25 19:08:16,M1,1.0
2026-05-25 19:08:16,M2,1.0
2026-05-25 19:08:16,M3,1.0
2026-05-25 19:08:26,M1,1.0
2026-05-25 19:08:26,M2,1.0
2026-05-25 19:08:26,M3,0.9959183673469387
2026-05-25 19:08:37,M1,1.0
2026-05-25 19:08:37,M2,1.0
2026-05-25 19:08:37,M3,1.0
2026-05-25 19:08:48,M1,1.0
2026-05-25 19:08:48,M2,1.0
2026-05-25 19:08:48,M3,0.9959349593495935
2026-05-25 19:08:58,M1,1.0
2026-05-25 19:08:58,M2,1.0
2026-05-25 19:08:58,M3,1.0
2026-05-25 19:09:09,M1,1.0
2026-05-25 19:09:09,M2,1.0
2026-05-25 19:09:09,M3,1.0
2026-05-25 19:09:20,M1,1.0
2026-05-25 19:09:20,M2,1.0
2026-05-25 19:09:20,M3,1.0
2026-05-25 19:09:30,M1,1.0
2026-05-25 19:09:31,M2,1.0
2026-05-25 19:09:31,M3,0.9959677419354839
2026-05-25 19:09:41,M1,1.0
2026-05-25 19:09:41,M2,1.0
2026-05-25 19:09:41,M3,0.9959677419354839
2026-05-25 19:09:52,M1,1.0
2026-05-25 19:09:52,M2,1.0
2026-05-25 19:09:52,M3,1.0
2026-05-25 19:10:02,M1,1.0
2026-05-25 19:10:02,M2,1.0
2026-05-25 19:10:03,M3,0.9959677419354839
2026-05-25 19:10:13,M1,1.0
2026-05-25 19:10:13,M2,1.0
2026-05-25 19:10:13,M3,0.9959677419354839
2026-05-25 19:10:24,M1,1.0
2026-05-25 19:10:24,M2,1.0
2026-05-25 19:10:24,M3,1.0
2026-05-25 19:10:34,M1,1.0
2026-05-25 19:10:34,M2,1.0
2026-05-25 19:10:35,M3,0.9959839357429718
2026-05-25 19:10:45,M1,1.0
2026-05-25 19:10:45,M2,1.0
2026-05-25 19:10:45,M3,0.9959839357429718
2026-05-25 19:10:56,M1,1.0
2026-05-25 19:10:56,M2,1.0
2026-05-25 19:10:56,M3,0.9959839357429718
2026-05-25 19:11:06,M1,1.0
2026-05-25 19:11:06,M2,1.0
2026-05-25 19:11:07,M3,0.992
2026-05-25 19:11:17,M1,1.0
2026-05-25 19:11:17,M2,1.0
2026-05-25 19:11:17,M3,0.996
2026-05-25 19:11:28,M1,1.0
2026-05-25 19:11:28,M2,1.0
2026-05-25 19:11:28,M3,0.996
2026-05-25 19:11:38,M1,1.0
2026-05-25 19:11:38,M2,1.0
2026-05-25 19:11:38,M3,0.9920318725099602
2026-05-25 19:11:49,M1,1.0
2026-05-25 19:11:49,M2,1.0
2026-05-25 19:11:49,M3,0.9920634920634921
2026-05-25 19:12:00,M1,1.0
2026-05-25 19:12:00,M2,1.0
2026-05-25 19:12:00,M3,0.9920634920634921
2026-05-25 19:12:10,M1,1.0
2026-05-25 19:12:10,M2,1.0
2026-05-25 19:12:11,M3,1.0
2026-05-25 19:12:21,M1,1.0
2026-05-25 19:12:21,M2,1.0
2026-05-25 19:12:21,M3,1.0
2026-05-25 19:12:32,M1,1.0
2026-05-25 19:12:32,M2,1.0
2026-05-25 19:12:32,M3,1.0
2026-05-25 19:12:42,M1,1.0
2026-05-25 19:12:42,M2,1.0
2026-05-25 19:12:42,M3,0.9960474308300395
2026-05-25 19:12:53,M1,1.0
2026-05-25 19:12:53,M2,1.0
2026-05-25 19:12:53,M3,0.9921259842519685
2026-05-25 19:13:04,M1,1.0
2026-05-25 19:13:04,M2,1.0
2026-05-25 19:13:04,M3,0.9921259842519685
2026-05-25 19:13:14,M1,1.0
2026-05-25 19:13:14,M2,1.0
2026-05-25 19:13:14,M3,0.9921259842519685
2026-05-25 19:13:25,M1,1.0
2026-05-25 19:13:25,M2,1.0
2026-05-25 19:13:25,M3,1.0
2026-05-25 19:13:35,M1,1.0
2026-05-25 19:13:36,M2,1.0
2026-05-25 19:13:36,M3,1.0
2026-05-25 19:13:46,M1,1.0
2026-05-25 19:13:46,M2,1.0
2026-05-25 19:13:46,M3,0.9921875
2026-05-25 19:13:57,M1,1.0
2026-05-25 19:13:57,M2,1.0
2026-05-25 19:13:57,M3,1.0
2026-05-25 19:14:07,M1,1.0
2026-05-25 19:14:08,M2,1.0
2026-05-25 19:14:08,M3,0.9922178988326849
2026-05-25 19:14:18,M1,1.0
2026-05-25 19:14:18,M2,1.0
2026-05-25 19:14:18,M3,1.0
2026-05-25 19:14:29,M1,1.0
2026-05-25 19:14:29,M2,1.0
2026-05-25 19:14:29,M3,1.0
2026-05-25 19:14:40,M1,1.0
2026-05-25 19:14:40,M2,1.0
2026-05-25 19:14:40,M3,0.9961240310077519
2026-05-25 19:14:51,M1,1.0
2026-05-25 19:14:51,M2,1.0
2026-05-25 19:14:51,M3,1.0
2026-05-25 19:15:01,M1,1.0
2026-05-25 19:15:01,M2,1.0
2026-05-25 19:15:02,M3,0.9922779922779923
2026-05-25 19:15:12,M1,1.0
2026-05-25 19:15:12,M2,1.0
2026-05-25 19:15:12,M3,0.9922779922779923
2026-05-25 19:15:23,M1,1.0
2026-05-25 19:15:23,M2,1.0
2026-05-25 19:15:23,M3,0.9961389961389961
2026-05-25 19:15:33,M1,1.0
2026-05-25 19:15:33,M2,1.0
2026-05-25 19:15:34,M3,1.0
2026-05-25 19:15:44,M1,1.0
2026-05-25 19:15:44,M2,1.0
2026-05-25 19:15:44,M3,0.9923076923076923
2026-05-25 19:15:55,M1,1.0
2026-05-25 19:15:55,M2,1.0
2026-05-25 19:15:55,M3,0.9923371647509579
2026-05-25 19:16:05,M1,1.0
2026-05-25 19:16:05,M2,1.0
2026-05-25 19:16:06,M3,0.9923371647509579
2026-05-25 19:16:16,M1,1.0
2026-05-25 19:16:16,M2,1.0
2026-05-25 19:16:16,M3,1.0
2026-05-25 19:16:27,M1,1.0
2026-05-25 19:16:27,M2,1.0
2026-05-25 19:16:27,M3,0.9961832061068703
2026-05-25 19:16:37,M1,1.0
2026-05-25 19:16:37,M2,1.0
2026-05-25 19:16:37,M3,0.9961832061068703
2026-05-25 19:16:48,M1,1.0
2026-05-25 19:16:48,M2,1.0
2026-05-25 19:16:48,M3,1.0
2026-05-25 19:16:59,M1,1.0
2026-05-25 19:16:59,M2,1.0
2026-05-25 19:16:59,M3,1.0
2026-05-25 19:17:09,M1,1.0
2026-05-25 19:17:09,M2,1.0
2026-05-25 19:17:09,M3,1.0
2026-05-25 19:17:20,M1,1.0
2026-05-25 19:17:20,M2,0.9961538461538462
2026-05-25 19:17:20,M3,1.0
2026-05-25 19:17:31,M1,1.0
2026-05-25 19:17:31,M2,1.0
2026-05-25 19:17:31,M3,1.0
2026-05-25 19:17:41,M1,1.0
2026-05-25 19:17:41,M2,1.0
2026-05-25 19:17:41,M3,1.0
2026-05-25 19:17:52,M1,1.0
2026-05-25 19:17:52,M2,1.0
2026-05-25 19:17:52,M3,1.0
2026-05-25 19:18:03,M1,1.0
2026-05-25 19:18:03,M2,1.0
2026-05-25 19:18:03,M3,1.0
2026-05-25 19:18:13,M1,1.0
2026-05-25 19:18:13,M2,1.0
2026-05-25 19:18:13,M3,1.0
2026-05-25 19:18:24,M1,1.0
2026-05-25 19:18:24,M2,1.0
2026-05-25 19:18:24,M3,1.0
2026-05-25 19:18:35,M1,1.0
2026-05-25 19:18:35,M2,1.0
2026-05-25 19:18:35,M3,1.0
2026-05-25 19:18:45,M1,1.0
2026-05-25 19:18:45,M2,1.0
2026-05-25 19:18:45,M3,1.0
2026-05-25 19:18:56,M1,1.0
2026-05-25 19:18:56,M2,1.0
2026-05-25 19:18:56,M3,1.0
2026-05-25 19:19:07,M1,1.0
2026-05-25 19:19:07,M2,1.0
2026-05-25 19:19:07,M3,0.9924812030075187
2026-05-25 19:19:17,M1,1.0
2026-05-25 19:19:17,M2,1.0
2026-05-25 19:19:18,M3,0.9925093632958801
2026-05-25 19:19:28,M1,1.0
2026-05-25 19:19:28,M2,1.0
2026-05-25 19:19:28,M3,1.0
2026-05-25 19:19:39,M1,1.0
2026-05-25 19:19:39,M2,1.0
2026-05-25 19:19:39,M3,1.0
2026-05-25 19:19:49,M1,1.0
2026-05-25 19:19:49,M2,1.0
2026-05-25 19:19:50,M3,0.9925650557620818
2026-05-25 19:20:00,M1,1.0
2026-05-25 19:20:00,M2,1.0
2026-05-25 19:20:00,M3,1.0
2026-05-25 19:20:11,M1,1.0
2026-05-25 19:20:11,M2,1.0
2026-05-25 19:20:11,M3,1.0
2026-05-25 19:20:21,M1,1.0
2026-05-25 19:20:21,M2,1.0
2026-05-25 19:20:22,M3,1.0
2026-05-25 19:20:32,M1,1.0
2026-05-25 19:20:32,M2,1.0
2026-05-25 19:20:32,M3,1.0
2026-05-25 19:20:43,M1,1.0
2026-05-25 19:20:43,M2,1.0
2026-05-25 19:20:44,M3,1.0
2026-05-25 19:20:55,M1,1.0
2026-05-25 19:20:55,M2,1.0
2026-05-25 19:20:55,M3,1.0
2026-05-25 19:21:06,M1,1.0
2026-05-25 19:21:06,M2,1.0
2026-05-25 19:21:06,M3,0.9963235294117647
2026-05-25 19:21:17,M1,1.0
2026-05-25 19:21:17,M2,1.0
2026-05-25 19:21:17,M3,1.0
2026-05-25 19:21:28,M1,1.0
2026-05-25 19:21:28,M2,1.0
2026-05-25 19:21:29,M3,1.0
2026-05-25 19:21:39,M1,1.0
2026-05-25 19:21:40,M2,1.0
2026-05-25 19:21:40,M3,1.0
2026-05-25 19:21:51,M1,0.9963636363636363
2026-05-25 19:21:51,M2,1.0
2026-05-25 19:21:51,M3,0.9963369963369964
2026-05-25 19:22:02,M1,1.0
2026-05-25 19:22:02,M2,1.0
2026-05-25 19:22:02,M3,1.0
2026-05-25 19:22:13,M1,1.0
2026-05-25 19:22:13,M2,1.0
2026-05-25 19:22:14,M3,1.0
2026-05-25 19:22:24,M1,1.0
2026-05-25 19:22:25,M2,1.0
2026-05-25 19:22:25,M3,1.0
2026-05-25 19:22:36,M1,1.0
2026-05-25 19:22:36,M2,1.0
2026-05-25 19:22:36,M3,1.0
2026-05-25 19:22:47,M1,1.0
2026-05-25 19:22:47,M2,1.0
2026-05-25 19:22:47,M3,1.0
2026-05-25 19:22:58,M1,0.9963898916967509
2026-05-25 19:22:58,M2,1.0
2026-05-25 19:22:59,M3,1.0
2026-05-25 19:23:09,M1,0.9963898916967509
2026-05-25 19:23:09,M2,1.0
2026-05-25 19:23:10,M3,1.0
2026-05-25 19:23:21,M1,1.0
2026-05-25 19:23:21,M2,1.0
2026-05-25 19:23:21,M3,1.0
2026-05-25 19:23:32,M1,1.0
2026-05-25 19:23:32,M2,1.0
2026-05-25 19:23:32,M3,1.0
2026-05-25 19:23:43,M1,1.0
2026-05-25 19:23:43,M2,1.0
2026-05-25 19:23:43,M3,1.0
2026-05-25 19:23:54,M1,1.0
2026-05-25 19:23:54,M2,1.0
2026-05-25 19:23:55,M3,1.0
2026-05-25 19:24:05,M1,1.0
2026-05-25 19:24:05,M2,1.0
2026-05-25 19:24:06,M3,1.0
2026-05-25 19:24:16,M1,1.0
2026-05-25 19:24:17,M2,1.0
2026-05-25 19:24:17,M3,1.0
2026-05-25 19:24:28,M1,1.0
2026-05-25 19:24:28,M2,1.0
2026-05-25 19:24:28,M3,1.0
2026-05-25 19:24:39,M1,1.0
2026-05-25 19:24:39,M2,1.0
2026-05-25 19:24:39,M3,1.0
2026-05-25 19:24:50,M1,1.0
2026-05-25 19:24:50,M2,1.0
2026-05-25 19:24:50,M3,1.0
2026-05-25 19:25:01,M1,1.0
2026-05-25 19:25:01,M2,1.0
2026-05-25 19:25:02,M3,1.0
2026-05-25 19:25:12,M1,1.0
2026-05-25 19:25:13,M2,1.0
2026-05-25 19:25:13,M3,1.0
2026-05-25 19:25:23,M1,1.0
2026-05-25 19:25:24,M2,1.0
2026-05-25 19:25:24,M3,1.0
2026-05-25 19:25:35,M1,1.0
2026-05-25 19:25:35,M2,1.0
2026-05-25 19:25:35,M3,1.0
2026-05-25 19:25:46,M1,1.0
2026-05-25 19:25:46,M2,1.0
2026-05-25 19:25:46,M3,1.0
2026-05-25 19:25:57,M1,1.0
2026-05-25 19:25:57,M2,1.0
2026-05-25 19:25:57,M3,1.0
2026-05-25 19:26:08,M1,1.0
2026-05-25 19:26:08,M2,1.0
2026-05-25 19:26:09,M3,1.0
2026-05-25 19:26:19,M1,1.0
2026-05-25 19:26:20,M2,1.0
2026-05-25 19:26:20,M3,1.0
2026-05-25 19:26:31,M1,1.0
2026-05-25 19:26:31,M2,1.0
2026-05-25 19:26:31,M3,1.0
2026-05-25 19:26:42,M1,1.0
2026-05-25 19:26:42,M2,1.0
2026-05-25 19:26:42,M3,1.0
2026-05-25 19:26:53,M1,1.0
2026-05-25 19:26:53,M2,1.0
2026-05-25 19:26:53,M3,1.0
2026-05-25 19:27:04,M1,1.0
2026-05-25 19:27:04,M2,1.0
2026-05-25 19:27:05,M3,1.0
2026-05-25 19:27:15,M1,1.0
2026-05-25 19:27:16,M2,1.0
2026-05-25 19:27:16,M3,1.0
2026-05-25 19:27:27,M1,1.0
2026-05-25 19:27:27,M2,1.0
2026-05-25 19:27:27,M3,1.0
2026-05-25 19:27:38,M1,1.0
2026-05-25 19:27:38,M2,1.0
2026-05-25 19:27:38,M3,0.9964912280701754
2026-05-25 19:27:49,M1,1.0
2026-05-25 19:27:49,M2,1.0
2026-05-25 19:27:49,M3,1.0
2026-05-25 19:28:00,M1,1.0
2026-05-25 19:28:00,M2,1.0
2026-05-25 19:28:00,M3,1.0
2026-05-25 19:28:11,M1,1.0
2026-05-25 19:28:11,M2,1.0
2026-05-25 19:28:12,M3,1.0
2026-05-25 19:28:22,M1,1.0
2026-05-25 19:28:23,M2,1.0
2026-05-25 19:28:23,M3,1.0
2026-05-25 19:28:34,M1,1.0
2026-05-25 19:28:34,M2,1.0
2026-05-25 19:28:34,M3,1.0
2026-05-25 19:28:45,M1,1.0
2026-05-25 19:28:45,M2,0.9893238434163701
2026-05-25 19:28:45,M3,1.0
2026-05-25 19:28:56,M1,1.0
2026-05-25 19:28:56,M2,1.0
2026-05-25 19:28:56,M3,1.0
2026-05-25 19:29:07,M1,1.0
2026-05-25 19:29:07,M2,1.0
2026-05-25 19:29:08,M3,1.0
2026-05-25 19:29:18,M1,1.0
2026-05-25 19:29:19,M2,1.0
2026-05-25 19:29:19,M3,1.0
2026-05-25 19:29:30,M1,1.0
2026-05-25 19:29:30,M2,1.0
2026-05-25 19:29:30,M3,1.0
2026-05-25 19:29:41,M1,1.0
2026-05-25 19:29:41,M2,1.0
2026-05-25 19:29:41,M3,1.0
2026-05-25 19:29:52,M1,1.0
2026-05-25 19:29:52,M2,1.0
2026-05-25 19:29:52,M3,1.0
2026-05-25 19:30:03,M1,1.0
2026-05-25 19:30:03,M2,1.0
2026-05-25 19:30:04,M3,1.0
2026-05-25 19:30:14,M1,1.0
2026-05-25 19:30:14,M2,1.0
2026-05-25 19:30:15,M3,1.0
2026-05-25 19:30:25,M1,1.0
2026-05-25 19:30:26,M2,1.0
2026-05-25 19:30:26,M3,1.0
2026-05-25 19:30:37,M1,1.0
2026-05-25 19:30:37,M2,1.0
2026-05-25 19:30:37,M3,1.0
2026-05-25 19:30:48,M1,1.0
2026-05-25 19:30:48,M2,1.0
2026-05-25 19:30:48,M3,1.0
2026-05-25 19:30:59,M1,1.0
2026-05-25 19:30:59,M2,1.0
2026-05-25 19:31:00,M3,1.0
2026-05-25 19:31:10,M1,1.0
2026-05-25 19:31:10,M2,1.0
2026-05-25 19:31:11,M3,1.0
2026-05-25 19:31:21,M1,1.0
2026-05-25 19:31:22,M2,1.0
2026-05-25 19:31:22,M3,1.0
2026-05-25 19:31:33,M1,1.0
2026-05-25 19:31:33,M2,1.0
2026-05-25 19:31:33,M3,1.0
2026-05-25 19:31:44,M1,1.0
2026-05-25 19:31:44,M2,1.0
2026-05-25 19:31:44,M3,1.0
2026-05-25 19:31:55,M1,1.0
2026-05-25 19:31:56,M2,1.0
2026-05-25 19:31:56,M3,0.9965870307167235
2026-05-25 19:32:06,M1,1.0
2026-05-25 19:32:07,M2,1.0
2026-05-25 19:32:07,M3,1.0
2026-05-25 19:32:18,M1,1.0
2026-05-25 19:32:18,M2,1.0
2026-05-25 19:32:18,M3,1.0
2026-05-25 19:32:29,M1,1.0
2026-05-25 19:32:29,M2,1.0
2026-05-25 19:32:29,M3,1.0
2026-05-25 19:32:40,M1,1.0
2026-05-25 19:32:40,M2,1.0
2026-05-25 19:32:40,M3,1.0
2026-05-25 19:32:51,M1,1.0
2026-05-25 19:32:51,M2,1.0
2026-05-25 19:32:52,M3,1.0
2026-05-25 19:33:02,M1,1.0
2026-05-25 19:33:03,M2,1.0
2026-05-25 19:33:03,M3,0.9966216216216216
2026-05-25 19:33:14,M1,1.0
2026-05-25 19:33:14,M2,1.0
2026-05-25 19:33:14,M3,1.0
2026-05-25 19:33:25,M1,1.0
2026-05-25 19:33:25,M2,1.0
2026-05-25 19:33:25,M3,1.0
2026-05-25 19:33:36,M1,1.0
2026-05-25 19:33:36,M2,1.0
2026-05-25 19:33:36,M3,1.0
2026-05-25 19:33:47,M1,1.0
2026-05-25 19:33:47,M2,1.0
2026-05-25 19:33:48,M3,1.0
2026-05-25 19:33:58,M1,1.0
2026-05-25 19:33:59,M2,1.0
2026-05-25 19:33:59,M3,1.0
2026-05-25 19:34:10,M1,1.0
2026-05-25 19:34:10,M2,1.0
2026-05-25 19:34:10,M3,1.0
2026-05-25 19:34:21,M1,1.0
2026-05-25 19:34:21,M2,1.0
2026-05-25 19:34:21,M3,1.0
2026-05-25 19:34:32,M1,1.0
2026-05-25 19:34:32,M2,1.0
2026-05-25 19:34:33,M3,1.0
2026-05-25 19:34:43,M1,1.0
2026-05-25 19:34:44,M2,1.0
2026-05-25 19:34:44,M3,1.0
2026-05-25 19:34:55,M1,1.0
2026-05-25 19:34:55,M2,1.0
2026-05-25 19:34:55,M3,1.0
2026-05-25 19:35:06,M1,1.0
2026-05-25 19:35:06,M2,1.0
2026-05-25 19:35:06,M3,1.0
2026-05-25 19:35:17,M1,1.0
2026-05-25 19:35:17,M2,1.0
2026-05-25 19:35:17,M3,1.0
2026-05-25 19:35:28,M1,1.0
2026-05-25 19:35:28,M2,1.0
2026-05-25 19:35:28,M3,1.0
2026-05-25 19:35:39,M1,1.0
2026-05-25 19:35:39,M2,1.0
2026-05-25 19:35:40,M3,1.0
2026-05-25 19:35:51,M1,1.0
2026-05-25 19:35:51,M2,1.0
2026-05-25 19:35:51,M3,0.9966996699669967
2026-05-25 19:36:02,M1,1.0
2026-05-25 19:36:02,M2,1.0
2026-05-25 19:36:02,M3,1.0
2026-05-25 19:36:13,M1,1.0
2026-05-25 19:36:13,M2,1.0
2026-05-25 19:36:13,M3,1.0
2026-05-25 19:36:24,M1,1.0
2026-05-25 19:36:24,M2,1.0
2026-05-25 19:36:25,M3,1.0
2026-05-25 19:36:35,M1,1.0
2026-05-25 19:36:36,M2,1.0
2026-05-25 19:36:36,M3,1.0
2026-05-25 19:36:47,M1,1.0
2026-05-25 19:36:47,M2,1.0
2026-05-25 19:36:47,M3,0.9967213114754099
2026-05-25 19:36:58,M1,1.0
2026-05-25 19:36:58,M2,1.0
2026-05-25 19:36:58,M3,1.0
2026-05-25 19:37:09,M1,1.0
2026-05-25 19:37:09,M2,1.0
2026-05-25 19:37:09,M3,0.9967213114754099
2026-05-25 19:37:20,M1,1.0
2026-05-25 19:37:20,M2,1.0
2026-05-25 19:37:20,M3,0.9967213114754099
2026-05-25 19:37:31,M1,1.0
2026-05-25 19:37:31,M2,1.0
2026-05-25 19:37:32,M3,1.0
2026-05-25 19:37:42,M1,1.0
2026-05-25 19:37:43,M2,1.0
2026-05-25 19:37:43,M3,1.0
2026-05-25 19:37:54,M1,1.0
2026-05-25 19:37:54,M2,1.0
2026-05-25 19:37:54,M3,1.0
2026-05-25 19:38:05,M1,1.0
2026-05-25 19:38:05,M2,1.0
2026-05-25 19:38:05,M3,1.0
2026-05-25 19:38:16,M1,1.0
2026-05-25 19:38:16,M2,1.0
2026-05-25 19:38:17,M3,1.0
2026-05-25 19:38:27,M1,1.0
2026-05-25 19:38:28,M2,1.0
2026-05-25 19:38:28,M3,1.0
2026-05-25 19:38:39,M1,1.0
2026-05-25 19:38:39,M2,1.0
2026-05-25 19:38:39,M3,1.0
2026-05-25 19:38:50,M1,1.0
2026-05-25 19:38:50,M2,1.0
2026-05-25 19:38:50,M3,1.0
2026-05-25 19:39:01,M1,1.0
2026-05-25 19:39:01,M2,1.0
2026-05-25 19:39:01,M3,0.996742671009772
2026-05-25 19:39:12,M1,1.0
2026-05-25 19:39:12,M2,1.0
2026-05-25 19:39:13,M3,0.9967532467532467
2026-05-25 19:39:23,M1,1.0
2026-05-25 19:39:23,M2,1.0
2026-05-25 19:39:24,M3,1.0
2026-05-25 19:39:34,M1,1.0
2026-05-25 19:39:35,M2,1.0
2026-05-25 19:39:35,M3,1.0
2026-05-25 19:39:46,M1,1.0
2026-05-25 19:39:46,M2,1.0
2026-05-25 19:39:46,M3,1.0
2026-05-25 19:39:57,M1,1.0
2026-05-25 19:39:57,M2,1.0
2026-05-25 19:39:57,M3,0.9967637540453075
2026-05-25 19:40:08,M1,1.0
2026-05-25 19:40:08,M2,1.0
2026-05-25 19:40:08,M3,1.0
2026-05-25 19:40:19,M1,1.0
2026-05-25 19:40:19,M2,1.0
2026-05-25 19:40:20,M3,1.0
2026-05-25 19:40:30,M1,1.0
2026-05-25 19:40:31,M2,1.0
2026-05-25 19:40:31,M3,1.0
2026-05-25 19:40:42,M1,1.0
2026-05-25 19:40:42,M2,1.0
2026-05-25 19:40:42,M3,1.0
2026-05-25 19:40:53,M1,1.0
2026-05-25 19:40:53,M2,1.0
2026-05-25 19:40:53,M3,1.0
2026-05-25 19:41:04,M1,1.0
2026-05-25 19:41:04,M2,1.0
2026-05-25 19:41:05,M3,1.0
2026-05-25 19:41:15,M1,1.0
2026-05-25 19:41:16,M2,1.0
2026-05-25 19:41:16,M3,1.0
2026-05-25 19:41:26,M1,1.0
2026-05-25 19:41:27,M2,1.0
2026-05-25 19:41:27,M3,1.0
2026-05-25 19:41:38,M1,1.0
2026-05-25 19:41:38,M2,1.0
2026-05-25 19:41:38,M3,1.0
2026-05-25 19:41:49,M1,1.0
2026-05-25 19:41:49,M2,1.0
2026-05-25 19:41:49,M3,1.0
2026-05-25 19:42:00,M1,1.0
2026-05-25 19:42:00,M2,1.0
2026-05-25 19:42:01,M3,1.0
2026-05-25 19:42:11,M1,1.0
2026-05-25 19:42:12,M2,1.0
2026-05-25 19:42:12,M3,1.0
2026-05-25 19:42:23,M1,1.0
2026-05-25 19:42:23,M2,1.0
2026-05-25 19:42:23,M3,1.0
2026-05-25 19:42:34,M1,1.0
2026-05-25 19:42:34,M2,1.0
2026-05-25 19:42:34,M3,1.0
2026-05-25 19:42:45,M1,1.0
2026-05-25 19:42:45,M2,1.0
2026-05-25 19:42:46,M3,1.0
2026-05-25 19:42:56,M1,1.0
2026-05-25 19:42:57,M2,1.0
2026-05-25 19:42:57,M3,1.0
2026-05-25 19:43:07,M1,1.0
2026-05-25 19:43:08,M2,1.0
2026-05-25 19:43:08,M3,0.9968152866242038
2026-05-25 19:43:19,M1,1.0
2026-05-25 19:43:19,M2,1.0
2026-05-25 19:43:19,M3,1.0
2026-05-25 19:43:30,M1,1.0
2026-05-25 19:43:30,M2,1.0
2026-05-25 19:43:30,M3,1.0
2026-05-25 19:43:41,M1,1.0
2026-05-25 19:43:41,M2,1.0
2026-05-25 19:43:41,M3,1.0
2026-05-25 19:43:52,M1,1.0
2026-05-25 19:43:52,M2,1.0
2026-05-25 19:43:53,M3,1.0
2026-05-25 19:44:03,M1,1.0
2026-05-25 19:44:04,M2,1.0
2026-05-25 19:44:04,M3,1.0
2026-05-25 19:44:15,M1,1.0
2026-05-25 19:44:15,M2,1.0
2026-05-25 19:44:15,M3,1.0
2026-05-25 19:44:26,M1,1.0
2026-05-25 19:44:26,M2,1.0
2026-05-25 19:44:26,M3,1.0
2026-05-25 19:44:37,M1,1.0
2026-05-25 19:44:37,M2,1.0
2026-05-25 19:44:37,M3,1.0
2026-05-25 19:44:48,M1,1.0
2026-05-25 19:44:48,M2,1.0
2026-05-25 19:44:49,M3,1.0
2026-05-25 19:44:59,M1,1.0
2026-05-25 19:45:00,M2,1.0
2026-05-25 19:45:00,M3,1.0
2026-05-25 19:45:10,M1,1.0
2026-05-25 19:45:11,M2,1.0
2026-05-25 19:45:11,M3,1.0
2026-05-25 19:45:22,M1,1.0
2026-05-25 19:45:22,M2,1.0
2026-05-25 19:45:22,M3,1.0
2026-05-25 19:45:33,M1,1.0
2026-05-25 19:45:33,M2,1.0
2026-05-25 19:45:33,M3,1.0
2026-05-25 19:45:44,M1,1.0
2026-05-25 19:45:44,M2,1.0
2026-05-25 19:45:45,M3,1.0
2026-05-25 19:45:55,M1,1.0
2026-05-25 19:45:55,M2,1.0
2026-05-25 19:45:56,M3,1.0
2026-05-25 19:46:07,M1,1.0
2026-05-25 19:46:07,M2,1.0
2026-05-25 19:46:07,M3,1.0
2026-05-25 19:46:18,M1,1.0
2026-05-25 19:46:18,M2,1.0
2026-05-25 19:46:18,M3,1.0
2026-05-25 19:46:29,M1,1.0
2026-05-25 19:46:29,M2,1.0
2026-05-25 19:46:29,M3,1.0
2026-05-25 19:46:40,M1,1.0
2026-05-25 19:46:40,M2,1.0
2026-05-25 19:46:41,M3,1.0
2026-05-25 19:46:51,M1,1.0
2026-05-25 19:46:52,M2,1.0
2026-05-25 19:46:52,M3,1.0
2026-05-25 19:47:03,M1,1.0
2026-05-25 19:47:03,M2,1.0
2026-05-25 19:47:03,M3,1.0
2026-05-25 19:47:14,M1,1.0
2026-05-25 19:47:14,M2,1.0
2026-05-25 19:47:14,M3,1.0
2026-05-25 19:47:25,M1,1.0
2026-05-25 19:47:25,M2,1.0
2026-05-25 19:47:26,M3,1.0
2026-05-25 19:47:36,M1,1.0
2026-05-25 19:47:36,M2,1.0
2026-05-25 19:47:37,M3,1.0
2026-05-25 19:47:48,M1,1.0
2026-05-25 19:47:48,M2,1.0
2026-05-25 19:47:48,M3,1.0
2026-05-25 19:47:59,M1,1.0
2026-05-25 19:47:59,M2,1.0
2026-05-25 19:47:59,M3,1.0
2026-05-25 19:48:10,M1,1.0
2026-05-25 19:48:10,M2,1.0
2026-05-25 19:48:10,M3,1.0
2026-05-25 19:48:21,M1,1.0
2026-05-25 19:48:21,M2,1.0
2026-05-25 19:48:22,M3,0.9969040247678018
2026-05-25 19:48:32,M1,1.0
2026-05-25 19:48:33,M2,1.0
2026-05-25 19:48:33,M3,1.0
2026-05-25 19:48:44,M1,1.0
2026-05-25 19:48:44,M2,1.0
2026-05-25 19:48:44,M3,1.0
2026-05-25 19:48:55,M1,1.0
2026-05-25 19:48:55,M2,1.0
2026-05-25 19:48:55,M3,1.0
2026-05-25 19:49:06,M1,1.0
2026-05-25 19:49:06,M2,1.0
2026-05-25 19:49:06,M3,1.0
2026-05-25 19:49:17,M1,1.0
2026-05-25 19:49:17,M2,1.0
2026-05-25 19:49:18,M3,0.9969230769230769
2026-05-25 19:49:28,M1,1.0
2026-05-25 19:49:29,M2,1.0
2026-05-25 19:49:29,M3,0.9969230769230769
2026-05-25 19:49:40,M1,1.0
2026-05-25 19:49:40,M2,1.0
2026-05-25 19:49:40,M3,1.0
2026-05-25 19:49:51,M1,1.0
2026-05-25 19:49:51,M2,1.0
2026-05-25 19:49:51,M3,1.0
2026-05-25 19:50:02,M1,1.0
2026-05-25 19:50:02,M2,1.0
2026-05-25 19:50:02,M3,1.0
2026-05-25 19:50:13,M1,1.0
2026-05-25 19:50:13,M2,1.0
2026-05-25 19:50:14,M3,1.0
2026-05-25 19:50:24,M1,1.0
2026-05-25 19:50:24,M2,1.0
2026-05-25 19:50:25,M3,1.0
2026-05-25 19:50:35,M1,1.0
2026-05-25 19:50:35,M2,1.0
2026-05-25 19:50:36,M3,1.0
2026-05-25 19:50:46,M1,1.0
2026-05-25 19:50:47,M2,1.0
2026-05-25 19:50:47,M3,1.0
2026-05-25 19:50:57,M1,1.0
2026-05-25 19:50:58,M2,1.0
2026-05-25 19:50:58,M3,1.0
2026-05-25 19:51:09,M1,1.0
2026-05-25 19:51:09,M2,1.0
2026-05-25 19:51:09,M3,0.9969512195121951
2026-05-25 19:51:20,M1,1.0
2026-05-25 19:51:20,M2,1.0
2026-05-25 19:51:20,M3,1.0
2026-05-25 19:51:31,M1,1.0
2026-05-25 19:51:31,M2,1.0
2026-05-25 19:51:31,M3,1.0
2026-05-25 19:51:42,M1,1.0
2026-05-25 19:51:42,M2,1.0
2026-05-25 19:51:42,M3,1.0
2026-05-25 19:51:53,M1,1.0
2026-05-25 19:51:53,M2,1.0
2026-05-25 19:51:54,M3,1.0
2026-05-25 19:52:04,M1,1.0
2026-05-25 19:52:05,M2,1.0
2026-05-25 19:52:05,M3,1.0
2026-05-25 19:52:15,M1,1.0
2026-05-25 19:52:16,M2,1.0
2026-05-25 19:52:16,M3,1.0
2026-05-25 19:52:27,M1,1.0
2026-05-25 19:52:27,M2,1.0
2026-05-25 19:52:27,M3,1.0
2026-05-25 19:52:38,M1,1.0
2026-05-25 19:52:38,M2,1.0
2026-05-25 19:52:38,M3,1.0
2026-05-25 19:52:49,M1,1.0
2026-05-25 19:52:49,M2,1.0
2026-05-25 19:52:49,M3,1.0
2026-05-25 19:53:00,M1,1.0
2026-05-25 19:53:00,M2,1.0
2026-05-25 19:53:00,M3,1.0
2026-05-25 19:53:11,M1,1.0
2026-05-25 19:53:11,M2,1.0
2026-05-25 19:53:12,M3,1.0
2026-05-25 19:53:22,M1,1.0
2026-05-25 19:53:22,M2,1.0
2026-05-25 19:53:23,M3,1.0
2026-05-25 19:53:33,M1,1.0
2026-05-25 19:53:34,M2,1.0
2026-05-25 19:53:34,M3,1.0
2026-05-25 19:53:45,M1,1.0
2026-05-25 19:53:45,M2,1.0
2026-05-25 19:53:45,M3,1.0
2026-05-25 19:53:56,M1,1.0
2026-05-25 19:53:56,M2,1.0
2026-05-25 19:53:56,M3,1.0
2026-05-25 19:54:07,M1,1.0
2026-05-25 19:54:07,M2,1.0
2026-05-25 19:54:07,M3,1.0
2026-05-25 19:54:18,M1,1.0
2026-05-25 19:54:18,M2,1.0
2026-05-25 19:54:18,M3,1.0
2026-05-25 19:54:29,M1,1.0
2026-05-25 19:54:29,M2,1.0
2026-05-25 19:54:29,M3,1.0
2026-05-25 19:54:40,M1,1.0
2026-05-25 19:54:40,M2,1.0
2026-05-25 19:54:41,M3,1.0
2026-05-25 19:54:51,M1,1.0
2026-05-25 19:54:52,M2,1.0
2026-05-25 19:54:52,M3,1.0
2026-05-25 19:55:02,M1,1.0
2026-05-25 19:55:03,M2,1.0
2026-05-25 19:55:03,M3,1.0
2026-05-25 19:55:14,M1,1.0
2026-05-25 19:55:14,M2,1.0
2026-05-25 19:55:14,M3,1.0
2026-05-25 19:55:25,M1,1.0
2026-05-25 19:55:25,M2,1.0
2026-05-25 19:55:25,M3,1.0
2026-05-25 19:55:36,M1,1.0
2026-05-25 19:55:36,M2,1.0
2026-05-25 19:55:36,M3,1.0
2026-05-25 19:55:47,M1,1.0
2026-05-25 19:55:47,M2,1.0
2026-05-25 19:55:47,M3,1.0
2026-05-25 19:55:58,M1,1.0
2026-05-25 19:55:58,M2,1.0
2026-05-25 19:55:58,M3,1.0
2026-05-25 19:56:09,M1,1.0
2026-05-25 19:56:09,M2,1.0
2026-05-25 19:56:10,M3,1.0
2026-05-25 19:56:20,M1,1.0
2026-05-25 19:56:21,M2,1.0
2026-05-25 19:56:21,M3,1.0
2026-05-25 19:56:31,M1,1.0
2026-05-25 19:56:32,M2,1.0
2026-05-25 19:56:32,M3,1.0
2026-05-25 19:56:43,M1,1.0
2026-05-25 19:56:43,M2,1.0
2026-05-25 19:56:43,M3,1.0
2026-05-25 19:56:54,M1,1.0
2026-05-25 19:56:54,M2,1.0
2026-05-25 19:56:54,M3,1.0
2026-05-25 19:57:05,M1,1.0
2026-05-25 19:57:05,M2,1.0
2026-05-25 19:57:05,M3,1.0
2026-05-25 19:57:16,M1,1.0
2026-05-25 19:57:16,M2,1.0
2026-05-25 19:57:16,M3,1.0
2026-05-25 19:57:27,M1,1.0
2026-05-25 19:57:27,M2,1.0
2026-05-25 19:57:27,M3,1.0
2026-05-25 19:57:38,M1,1.0
2026-05-25 19:57:38,M2,1.0
2026-05-25 19:57:39,M3,1.0
2026-05-25 19:57:49,M1,1.0
2026-05-25 19:57:49,M2,1.0
2026-05-25 19:57:50,M3,1.0
2026-05-25 19:58:00,M1,1.0
2026-05-25 19:58:01,M2,1.0
2026-05-25 19:58:01,M3,0.9970760233918129
2026-05-25 19:58:11,M1,1.0
2026-05-25 19:58:12,M2,1.0
2026-05-25 19:58:12,M3,1.0
2026-05-25 19:58:23,M1,1.0
2026-05-25 19:58:23,M2,1.0
2026-05-25 19:58:23,M3,1.0
2026-05-25 19:58:34,M1,1.0
2026-05-25 19:58:34,M2,1.0
2026-05-25 19:58:34,M3,1.0
2026-05-25 19:58:45,M1,1.0
2026-05-25 19:58:45,M2,1.0
2026-05-25 19:58:45,M3,1.0
2026-05-25 19:58:56,M1,1.0
2026-05-25 19:58:56,M2,1.0
2026-05-25 19:58:57,M3,1.0
2026-05-25 19:59:07,M1,1.0
2026-05-25 19:59:07,M2,1.0
2026-05-25 19:59:08,M3,1.0
2026-05-25 19:59:18,M1,1.0
2026-05-25 19:59:19,M2,1.0
2026-05-25 19:59:19,M3,1.0
2026-05-25 19:59:29,M1,1.0
2026-05-25 19:59:30,M2,1.0
2026-05-25 19:59:30,M3,1.0
2026-05-25 19:59:41,M1,1.0
2026-05-25 19:59:41,M2,1.0
2026-05-25 19:59:41,M3,1.0
2026-05-25 19:59:52,M1,1.0
2026-05-25 19:59:52,M2,1.0
2026-05-25 19:59:52,M3,1.0
2026-05-25 20:00:03,M1,1.0
2026-05-25 20:00:03,M2,1.0
2026-05-25 20:00:03,M3,1.0
2026-05-25 20:00:14,M1,1.0
2026-05-25 20:00:14,M2,1.0
2026-05-25 20:00:14,M3,1.0
2026-05-25 20:00:25,M1,1.0
2026-05-25 20:00:25,M2,1.0
2026-05-25 20:00:26,M3,1.0
2026-05-25 20:00:36,M1,1.0
2026-05-25 20:00:37,M2,1.0
2026-05-25 20:00:37,M3,1.0
2026-05-25 20:00:47,M1,1.0
2026-05-25 20:00:48,M2,1.0
2026-05-25 20:00:48,M3,1.0
2026-05-25 20:00:59,M1,1.0
2026-05-25 20:00:59,M2,1.0
2026-05-25 20:00:59,M3,1.0
2026-05-25 20:01:10,M1,1.0
2026-05-25 20:01:10,M2,1.0
2026-05-25 20:01:10,M3,1.0
2026-05-25 20:01:21,M1,1.0
2026-05-25 20:01:21,M2,1.0
2026-05-25 20:01:21,M3,1.0
2026-05-25 20:01:32,M1,1.0
2026-05-25 20:01:32,M2,1.0
2026-05-25 20:01:32,M3,1.0
2026-05-25 20:01:43,M1,1.0
2026-05-25 20:01:43,M2,1.0
2026-05-25 20:01:43,M3,1.0
2026-05-25 20:01:54,M1,1.0
2026-05-25 20:01:54,M2,1.0
2026-05-25 20:01:54,M3,1.0
2026-05-25 20:02:05,M1,1.0
2026-05-25 20:02:05,M2,1.0
2026-05-25 20:02:06,M3,1.0
2026-05-25 20:02:16,M1,1.0
2026-05-25 20:02:17,M2,1.0
2026-05-25 20:02:17,M3,1.0
2026-05-25 20:02:27,M1,1.0
2026-05-25 20:02:28,M2,1.0
2026-05-25 20:02:28,M3,1.0
2026-05-25 20:02:38,M1,1.0
2026-05-25 20:02:39,M2,1.0
2026-05-25 20:02:39,M3,1.0
2026-05-25 20:02:50,M1,1.0
2026-05-25 20:02:50,M2,1.0
2026-05-25 20:02:50,M3,1.0
2026-05-25 20:03:01,M1,1.0
2026-05-25 20:03:01,M2,1.0
2026-05-25 20:03:01,M3,1.0
2026-05-25 20:03:12,M1,1.0
2026-05-25 20:03:12,M2,1.0
2026-05-25 20:03:12,M3,1.0
2026-05-25 20:03:23,M1,1.0
2026-05-25 20:03:23,M2,1.0
2026-05-25 20:03:23,M3,1.0
2026-05-25 20:03:34,M1,1.0
2026-05-25 20:03:34,M2,1.0
2026-05-25 20:03:35,M3,1.0
2026-05-25 20:03:45,M1,1.0
2026-05-25 20:03:45,M2,1.0
2026-05-25 20:03:46,M3,1.0
2026-05-25 20:03:56,M1,1.0
2026-05-25 20:03:57,M2,1.0
2026-05-25 20:03:57,M3,1.0
2026-05-25 20:04:08,M1,1.0
2026-05-25 20:04:08,M2,1.0
2026-05-25 20:04:08,M3,1.0
2026-05-25 20:04:19,M1,1.0
2026-05-25 20:04:19,M2,1.0
2026-05-25 20:04:19,M3,1.0
2026-05-25 20:04:30,M1,1.0
2026-05-25 20:04:30,M2,1.0
2026-05-25 20:04:30,M3,1.0
2026-05-25 20:04:41,M1,1.0
2026-05-25 20:04:41,M2,1.0
2026-05-25 20:04:41,M3,1.0
2026-05-25 20:04:52,M1,1.0
2026-05-25 20:04:52,M2,1.0
2026-05-25 20:04:53,M3,1.0
2026-05-25 20:05:03,M1,1.0
2026-05-25 20:05:04,M2,1.0
2026-05-25 20:05:04,M3,1.0
2026-05-25 20:05:14,M1,1.0
2026-05-25 20:05:15,M2,1.0
2026-05-25 20:05:15,M3,1.0
2026-05-25 20:05:26,M1,1.0
2026-05-25 20:05:26,M2,1.0
2026-05-25 20:05:26,M3,1.0
2026-05-25 20:05:37,M1,1.0
2026-05-25 20:05:37,M2,1.0
2026-05-25 20:05:37,M3,1.0
2026-05-25 20:05:48,M1,1.0
2026-05-25 20:05:48,M2,1.0
2026-05-25 20:05:48,M3,1.0
2026-05-25 20:05:59,M1,1.0
2026-05-25 20:05:59,M2,1.0
2026-05-25 20:05:59,M3,1.0
2026-05-25 20:06:10,M1,1.0
2026-05-25 20:06:10,M2,1.0
2026-05-25 20:06:11,M3,1.0
2026-05-25 20:06:21,M1,1.0
2026-05-25 20:06:22,M2,1.0
2026-05-25 20:06:22,M3,1.0
2026-05-25 20:06:33,M1,1.0
2026-05-25 20:06:33,M2,1.0
2026-05-25 20:06:33,M3,1.0
2026-05-25 20:06:44,M1,1.0
2026-05-25 20:06:44,M2,1.0
2026-05-25 20:06:44,M3,1.0
2026-05-25 20:06:55,M1,1.0
2026-05-25 20:06:55,M2,1.0
2026-05-25 20:06:55,M3,1.0
2026-05-25 20:07:06,M1,1.0
2026-05-25 20:07:06,M2,1.0
2026-05-25 20:07:07,M3,1.0
2026-05-25 20:07:17,M1,1.0
2026-05-25 20:07:17,M2,1.0
2026-05-25 20:07:18,M3,1.0
2026-05-25 20:07:28,M1,1.0
2026-05-25 20:07:29,M2,1.0
2026-05-25 20:07:29,M3,1.0
2026-05-25 20:07:40,M1,1.0
2026-05-25 20:07:40,M2,1.0
2026-05-25 20:07:40,M3,1.0
2026-05-25 20:07:51,M1,1.0
2026-05-25 20:07:51,M2,1.0
2026-05-25 20:07:51,M3,1.0
2026-05-25 20:08:02,M1,1.0
2026-05-25 20:08:02,M2,1.0
2026-05-25 20:08:03,M3,1.0
2026-05-25 20:08:13,M1,1.0
2026-05-25 20:08:13,M2,1.0
2026-05-25 20:08:14,M3,1.0
2026-05-25 20:08:24,M1,1.0
2026-05-25 20:08:25,M2,1.0
2026-05-25 20:08:25,M3,1.0
2026-05-25 20:08:36,M1,1.0
2026-05-25 20:08:36,M2,1.0
2026-05-25 20:08:36,M3,1.0
2026-05-25 20:08:47,M1,1.0
2026-05-25 20:08:47,M2,1.0
2026-05-25 20:08:47,M3,1.0
2026-05-25 20:08:58,M1,1.0
2026-05-25 20:08:58,M2,1.0
2026-05-25 20:08:58,M3,1.0
2026-05-25 20:09:09,M1,1.0
2026-05-25 20:09:09,M2,1.0
2026-05-25 20:09:09,M3,0.9972451790633609
2026-05-25 20:09:20,M1,1.0
2026-05-25 20:09:20,M2,1.0
2026-05-25 20:09:21,M3,1.0
2026-05-25 20:09:31,M1,1.0
2026-05-25 20:09:31,M2,1.0
2026-05-25 20:09:32,M3,1.0
2026-05-25 20:09:42,M1,1.0
2026-05-25 20:09:43,M2,1.0
2026-05-25 20:09:43,M3,1.0
2026-05-25 20:09:54,M1,1.0
2026-05-25 20:09:54,M2,1.0
2026-05-25 20:09:54,M3,1.0
2026-05-25 20:10:05,M1,1.0
2026-05-25 20:10:05,M2,1.0
2026-05-25 20:10:05,M3,1.0
2026-05-25 20:10:16,M1,1.0
2026-05-25 20:10:16,M2,1.0
2026-05-25 20:10:16,M3,1.0
2026-05-25 20:10:27,M1,1.0
2026-05-25 20:10:27,M2,1.0
2026-05-25 20:10:27,M3,1.0
2026-05-25 20:10:38,M1,1.0
2026-05-25 20:10:38,M2,1.0
2026-05-25 20:10:38,M3,1.0
2026-05-25 20:10:49,M1,1.0
2026-05-25 20:10:49,M2,1.0
2026-05-25 20:10:49,M3,1.0
2026-05-25 20:11:00,M1,1.0
2026-05-25 20:11:00,M2,1.0
2026-05-25 20:11:01,M3,1.0
2026-05-25 20:11:11,M1,1.0
2026-05-25 20:11:12,M2,1.0
2026-05-25 20:11:12,M3,1.0
2026-05-25 20:11:22,M1,1.0
2026-05-25 20:11:23,M2,1.0
2026-05-25 20:11:23,M3,1.0
2026-05-25 20:11:34,M1,1.0
2026-05-25 20:11:34,M2,1.0
2026-05-25 20:11:34,M3,1.0
2026-05-25 20:11:45,M1,1.0
2026-05-25 20:11:46,M2,1.0
2026-05-25 20:11:46,M3,1.0
2026-05-25 20:11:57,M1,1.0
2026-05-25 20:11:57,M2,1.0
2026-05-25 20:11:57,M3,1.0
2026-05-25 20:12:08,M1,1.0
2026-05-25 20:12:08,M2,1.0
2026-05-25 20:12:08,M3,1.0
2026-05-25 20:12:19,M1,1.0
2026-05-25 20:12:19,M2,1.0
2026-05-25 20:12:19,M3,1.0
2026-05-25 20:12:30,M1,1.0
2026-05-25 20:12:30,M2,1.0
2026-05-25 20:12:31,M3,1.0
2026-05-25 20:12:41,M1,1.0
2026-05-25 20:12:42,M2,1.0
2026-05-25 20:12:42,M3,1.0
2026-05-25 20:12:53,M1,1.0
2026-05-25 20:12:53,M2,1.0
2026-05-25 20:12:53,M3,1.0
2026-05-25 20:13:04,M1,1.0
2026-05-25 20:13:04,M2,1.0
2026-05-25 20:13:04,M3,1.0
2026-05-25 20:13:15,M1,1.0
2026-05-25 20:13:15,M2,1.0
2026-05-25 20:13:15,M3,1.0
2026-05-25 20:13:26,M1,1.0
2026-05-25 20:13:26,M2,1.0
2026-05-25 20:13:26,M3,1.0
2026-05-25 20:13:37,M1,1.0
2026-05-25 20:13:37,M2,1.0
2026-05-25 20:13:38,M3,1.0
2026-05-25 20:13:48,M1,1.0
2026-05-25 20:13:49,M2,1.0
2026-05-25 20:13:49,M3,1.0
2026-05-25 20:13:59,M1,1.0
2026-05-25 20:14:00,M2,1.0
2026-05-25 20:14:00,M3,1.0
2026-05-25 20:14:11,M1,1.0
2026-05-25 20:14:11,M2,1.0
2026-05-25 20:14:11,M3,1.0
2026-05-25 20:14:22,M1,1.0
2026-05-25 20:14:22,M2,1.0
2026-05-25 20:14:22,M3,1.0
2026-05-25 20:14:33,M1,1.0
2026-05-25 20:14:33,M2,1.0
2026-05-25 20:14:33,M3,1.0
2026-05-25 20:14:44,M1,1.0
2026-05-25 20:14:44,M2,1.0
2026-05-25 20:14:45,M3,1.0
2026-05-25 20:14:55,M1,1.0
2026-05-25 20:14:55,M2,1.0
2026-05-25 20:14:56,M3,1.0
2026-05-25 20:15:06,M1,1.0
2026-05-25 20:15:07,M2,1.0
2026-05-25 20:15:07,M3,1.0
2026-05-25 20:15:18,M1,1.0
2026-05-25 20:15:18,M2,1.0
2026-05-25 20:15:18,M3,1.0
2026-05-25 20:15:29,M1,1.0
2026-05-25 20:15:29,M2,1.0
2026-05-25 20:15:29,M3,1.0
2026-05-25 20:15:40,M1,1.0
2026-05-25 20:15:40,M2,1.0
2026-05-25 20:15:40,M3,1.0
2026-05-25 20:15:51,M1,1.0
2026-05-25 20:15:51,M2,1.0
2026-05-25 20:15:52,M3,1.0
2026-05-25 20:16:02,M1,1.0
2026-05-25 20:16:03,M2,1.0
2026-05-25 20:16:03,M3,0.9973474801061007
2026-05-25 20:16:14,M1,1.0
2026-05-25 20:16:14,M2,1.0
2026-05-25 20:16:14,M3,1.0
2026-05-25 20:16:25,M1,1.0
2026-05-25 20:16:25,M2,1.0
2026-05-25 20:16:25,M3,1.0
2026-05-25 20:16:36,M1,1.0
2026-05-25 20:16:36,M2,1.0
2026-05-25 20:16:37,M3,1.0
2026-05-25 20:16:47,M1,1.0
2026-05-25 20:16:47,M2,1.0
2026-05-25 20:16:48,M3,1.0
2026-05-25 20:16:58,M1,1.0
2026-05-25 20:16:59,M2,1.0
2026-05-25 20:16:59,M3,1.0
2026-05-25 20:17:10,M1,1.0
2026-05-25 20:17:10,M2,1.0
2026-05-25 20:17:10,M3,1.0
2026-05-25 20:17:21,M1,1.0
2026-05-25 20:17:21,M2,1.0
2026-05-25 20:17:21,M3,1.0
2026-05-25 20:17:32,M1,1.0
2026-05-25 20:17:32,M2,0.9973474801061007
2026-05-25 20:17:33,M3,1.0
2026-05-25 20:17:43,M1,1.0
2026-05-25 20:17:43,M2,1.0
2026-05-25 20:17:44,M3,1.0
2026-05-25 20:17:54,M1,1.0
2026-05-25 20:17:55,M2,0.9973474801061007
2026-05-25 20:17:55,M3,1.0
2026-05-25 20:18:06,M1,1.0
2026-05-25 20:18:06,M2,0.9973474801061007
2026-05-25 20:18:06,M3,0.9973821989528796
2026-05-25 20:18:17,M1,1.0
2026-05-25 20:18:17,M2,0.9973544973544973
2026-05-25 20:18:17,M3,1.0
2026-05-25 20:18:28,M1,1.0
2026-05-25 20:18:28,M2,1.0
2026-05-25 20:18:29,M3,0.9973890339425587
2026-05-25 20:18:39,M1,1.0
2026-05-25 20:18:40,M2,1.0
2026-05-25 20:18:40,M3,0.9973958333333334
2026-05-25 20:18:51,M1,1.0
2026-05-25 20:18:51,M2,1.0
2026-05-25 20:18:51,M3,0.9973958333333334
2026-05-25 20:19:02,M1,1.0
2026-05-25 20:19:02,M2,1.0
2026-05-25 20:19:02,M3,0.9973958333333334
2026-05-25 20:19:13,M1,1.0
2026-05-25 20:19:13,M2,1.0
2026-05-25 20:19:13,M3,1.0
2026-05-25 20:19:24,M1,1.0
2026-05-25 20:19:24,M2,1.0
2026-05-25 20:19:25,M3,0.9974025974025974
2026-05-25 20:19:35,M1,1.0
2026-05-25 20:19:36,M2,1.0
2026-05-25 20:19:36,M3,1.0
2026-05-25 20:19:47,M1,1.0
2026-05-25 20:19:47,M2,1.0
2026-05-25 20:19:47,M3,1.0
2026-05-25 20:19:58,M1,1.0
2026-05-25 20:19:58,M2,1.0
2026-05-25 20:19:58,M3,1.0
2026-05-25 20:20:09,M1,1.0
2026-05-25 20:20:09,M2,0.9973821989528796
2026-05-25 20:20:09,M3,1.0
2026-05-25 20:20:20,M1,1.0
2026-05-25 20:20:20,M2,1.0
2026-05-25 20:20:21,M3,1.0
2026-05-25 20:20:31,M1,1.0
2026-05-25 20:20:32,M2,1.0
2026-05-25 20:20:32,M3,1.0
2026-05-25 20:20:43,M1,1.0
2026-05-25 20:20:43,M2,1.0
2026-05-25 20:20:43,M3,1.0
2026-05-25 20:20:54,M1,1.0
2026-05-25 20:20:55,M2,0.9973958333333334
2026-05-25 20:20:55,M3,1.0
2026-05-25 20:21:06,M1,1.0
2026-05-25 20:21:06,M2,0.9973958333333334
2026-05-25 20:21:06,M3,1.0
2026-05-25 20:21:17,M1,1.0
2026-05-25 20:21:18,M2,1.0
2026-05-25 20:21:18,M3,1.0
2026-05-25 20:21:30,M1,1.0
2026-05-25 20:21:30,M2,1.0
2026-05-25 20:21:30,M3,1.0
2026-05-25 20:21:41,M1,1.0
2026-05-25 20:21:42,M2,1.0
2026-05-25 20:21:42,M3,0.9974358974358974
2026-05-25 20:21:53,M1,1.0
2026-05-25 20:21:53,M2,1.0
2026-05-25 20:21:53,M3,1.0
2026-05-25 20:22:04,M1,1.0
2026-05-25 20:22:04,M2,1.0
2026-05-25 20:22:05,M3,1.0
2026-05-25 20:22:15,M1,1.0
2026-05-25 20:22:16,M2,1.0
2026-05-25 20:22:16,M3,1.0
2026-05-25 20:22:27,M1,1.0
2026-05-25 20:22:27,M2,1.0
2026-05-25 20:22:27,M3,1.0
2026-05-25 20:22:38,M1,1.0
2026-05-25 20:22:38,M2,1.0
2026-05-25 20:22:39,M3,1.0
2026-05-25 20:22:50,M1,1.0
2026-05-25 20:22:50,M2,1.0
2026-05-25 20:22:50,M3,1.0
2026-05-25 20:23:01,M1,1.0
2026-05-25 20:23:01,M2,1.0
2026-05-25 20:23:01,M3,1.0
2026-05-25 20:23:12,M1,1.0
2026-05-25 20:23:13,M2,1.0
2026-05-25 20:23:13,M3,1.0
2026-05-25 20:23:24,M1,1.0
2026-05-25 20:23:24,M2,1.0
2026-05-25 20:23:24,M3,1.0
2026-05-25 20:23:35,M1,1.0
2026-05-25 20:23:35,M2,1.0
2026-05-25 20:23:36,M3,1.0
2026-05-25 20:23:46,M1,1.0
2026-05-25 20:23:47,M2,1.0
2026-05-25 20:23:47,M3,1.0
2026-05-25 20:23:58,M1,1.0
2026-05-25 20:23:58,M2,1.0
2026-05-25 20:23:58,M3,1.0
2026-05-25 20:24:09,M1,1.0
2026-05-25 20:24:09,M2,1.0
2026-05-25 20:24:10,M3,1.0
2026-05-25 20:24:20,M1,1.0
2026-05-25 20:24:21,M2,1.0
2026-05-25 20:24:21,M3,1.0
2026-05-25 20:24:32,M1,1.0
2026-05-25 20:24:32,M2,1.0
2026-05-25 20:24:32,M3,1.0
2026-05-25 20:24:43,M1,1.0
2026-05-25 20:24:43,M2,1.0
2026-05-25 20:24:44,M3,1.0
2026-05-25 20:24:54,M1,1.0
2026-05-25 20:24:55,M2,1.0
2026-05-25 20:24:55,M3,1.0
2026-05-25 20:25:06,M1,1.0
2026-05-25 20:25:06,M2,1.0
2026-05-25 20:25:06,M3,1.0
2026-05-25 20:25:17,M1,1.0
2026-05-25 20:25:17,M2,1.0
2026-05-25 20:25:17,M3,1.0
2026-05-25 20:25:28,M1,1.0
2026-05-25 20:25:28,M2,1.0
2026-05-25 20:25:29,M3,1.0
2026-05-25 20:25:40,M1,1.0
2026-05-25 20:25:40,M2,1.0
2026-05-25 20:25:40,M3,1.0
2026-05-25 20:25:51,M1,1.0
2026-05-25 20:25:51,M2,1.0
2026-05-25 20:25:51,M3,1.0
2026-05-25 20:26:02,M1,1.0
2026-05-25 20:26:02,M2,1.0
2026-05-25 20:26:03,M3,1.0
2026-05-25 20:26:13,M1,1.0
2026-05-25 20:26:14,M2,1.0
2026-05-25 20:26:14,M3,1.0
2026-05-25 20:26:25,M1,1.0
2026-05-25 20:26:25,M2,1.0
2026-05-25 20:26:25,M3,1.0
2026-05-25 20:26:36,M1,1.0
2026-05-25 20:26:36,M2,1.0
2026-05-25 20:26:36,M3,1.0
2026-05-25 20:26:47,M1,1.0
2026-05-25 20:26:48,M2,1.0
2026-05-25 20:26:48,M3,1.0
2026-05-25 20:26:59,M1,1.0
2026-05-25 20:26:59,M2,1.0
2026-05-25 20:26:59,M3,1.0
2026-05-25 20:27:10,M1,1.0
2026-05-25 20:27:10,M2,1.0
2026-05-25 20:27:11,M3,1.0
2026-05-25 20:27:22,M1,1.0
2026-05-25 20:27:22,M2,1.0
2026-05-25 20:27:22,M3,1.0
2026-05-25 20:27:33,M1,1.0
2026-05-25 20:27:33,M2,1.0
2026-05-25 20:27:33,M3,1.0
2026-05-25 20:27:44,M1,1.0
2026-05-25 20:27:45,M2,1.0
2026-05-25 20:27:45,M3,1.0
2026-05-25 20:27:56,M1,1.0
2026-05-25 20:27:56,M2,1.0
2026-05-25 20:27:56,M3,1.0
2026-05-25 20:28:07,M1,1.0
2026-05-25 20:28:07,M2,1.0
2026-05-25 20:28:08,M3,1.0
2026-05-25 20:28:18,M1,1.0
2026-05-25 20:28:19,M2,1.0
2026-05-25 20:28:19,M3,1.0
2026-05-25 20:28:30,M1,1.0
2026-05-25 20:28:30,M2,1.0
2026-05-25 20:28:30,M3,1.0
2026-05-25 20:28:41,M1,1.0
2026-05-25 20:28:41,M2,1.0
2026-05-25 20:28:41,M3,1.0
2026-05-25 20:28:52,M1,1.0
2026-05-25 20:28:53,M2,1.0
2026-05-25 20:28:53,M3,1.0
2026-05-25 20:29:04,M1,1.0
2026-05-25 20:29:04,M2,1.0
2026-05-25 20:29:04,M3,0.9975308641975309
2026-05-25 20:29:15,M1,1.0
2026-05-25 20:29:15,M2,1.0
2026-05-25 20:29:15,M3,1.0
2026-05-25 20:29:26,M1,1.0
2026-05-25 20:29:27,M2,1.0
2026-05-25 20:29:27,M3,1.0
2026-05-25 20:29:38,M1,1.0
2026-05-25 20:29:38,M2,1.0
2026-05-25 20:29:38,M3,1.0
2026-05-25 20:29:49,M1,1.0
2026-05-25 20:29:49,M2,1.0
2026-05-25 20:29:50,M3,1.0
2026-05-25 20:30:01,M1,1.0
2026-05-25 20:30:01,M2,1.0
2026-05-25 20:30:01,M3,1.0
2026-05-25 20:30:12,M1,1.0
2026-05-25 20:30:12,M2,1.0
2026-05-25 20:30:12,M3,1.0
2026-05-25 20:30:23,M1,1.0
2026-05-25 20:30:23,M2,1.0
2026-05-25 20:30:24,M3,1.0
2026-05-25 20:30:35,M1,1.0
2026-05-25 20:30:35,M2,1.0
2026-05-25 20:30:35,M3,1.0
2026-05-25 20:30:46,M1,1.0
2026-05-25 20:30:46,M2,1.0
2026-05-25 20:30:46,M3,0.9975490196078431
2026-05-25 20:30:57,M1,1.0
2026-05-25 20:30:58,M2,1.0
2026-05-25 20:30:58,M3,0.9975490196078431
2026-05-25 20:31:09,M1,1.0
2026-05-25 20:31:09,M2,1.0
2026-05-25 20:31:09,M3,1.0
2026-05-25 20:31:20,M1,1.0
2026-05-25 20:31:20,M2,1.0
2026-05-25 20:31:21,M3,1.0
2026-05-25 20:31:32,M1,1.0
2026-05-25 20:31:32,M2,1.0
2026-05-25 20:31:32,M3,0.9975609756097561
2026-05-25 20:31:43,M1,1.0
2026-05-25 20:31:43,M2,1.0
2026-05-25 20:31:43,M3,0.9975609756097561
2026-05-25 20:31:54,M1,1.0
2026-05-25 20:31:55,M2,1.0
2026-05-25 20:31:55,M3,1.0
2026-05-25 20:32:06,M1,1.0
2026-05-25 20:32:06,M2,1.0
2026-05-25 20:32:06,M3,1.0
2026-05-25 20:32:17,M1,1.0
2026-05-25 20:32:17,M2,1.0
2026-05-25 20:32:17,M3,0.9975669099756691
2026-05-25 20:32:28,M1,1.0
2026-05-25 20:32:29,M2,1.0
2026-05-25 20:32:29,M3,1.0
2026-05-25 20:32:40,M1,1.0
2026-05-25 20:32:40,M2,1.0
2026-05-25 20:32:40,M3,1.0
2026-05-25 20:32:51,M1,1.0
2026-05-25 20:32:51,M2,1.0
2026-05-25 20:32:51,M3,1.0
2026-05-25 20:33:02,M1,1.0
2026-05-25 20:33:03,M2,1.0
2026-05-25 20:33:03,M3,0.9975786924939467
2026-05-25 20:33:14,M1,1.0
2026-05-25 20:33:14,M2,1.0
2026-05-25 20:33:14,M3,1.0
2026-05-25 20:33:25,M1,1.0
2026-05-25 20:33:25,M2,1.0
2026-05-25 20:33:26,M3,1.0
2026-05-25 20:33:36,M1,1.0
2026-05-25 20:33:37,M2,1.0
2026-05-25 20:33:37,M3,0.9975845410628019
2026-05-25 20:33:48,M1,1.0
2026-05-25 20:33:48,M2,1.0
2026-05-25 20:33:48,M3,0.9975903614457832
2026-05-25 20:33:59,M1,1.0
2026-05-25 20:33:59,M2,1.0
2026-05-25 20:34:00,M3,0.9975903614457832
2026-05-25 20:34:10,M1,1.0
2026-05-25 20:34:11,M2,1.0
2026-05-25 20:34:11,M3,0.9975903614457832
2026-05-25 20:34:22,M1,1.0
2026-05-25 20:34:22,M2,1.0
2026-05-25 20:34:22,M3,1.0
2026-05-25 20:34:33,M1,1.0
2026-05-25 20:34:33,M2,1.0
2026-05-25 20:34:34,M3,1.0
2026-05-25 20:34:44,M1,1.0
2026-05-25 20:34:45,M2,1.0
2026-05-25 20:34:45,M3,1.0
2026-05-25 20:34:56,M1,1.0
2026-05-25 20:34:56,M2,1.0
2026-05-25 20:34:56,M3,1.0
2026-05-25 20:35:07,M1,1.0
2026-05-25 20:35:07,M2,1.0
2026-05-25 20:35:08,M3,1.0
2026-05-25 20:35:18,M1,1.0
2026-05-25 20:35:19,M2,1.0
2026-05-25 20:35:19,M3,1.0
2026-05-25 20:35:30,M1,1.0
2026-05-25 20:35:30,M2,1.0
2026-05-25 20:35:30,M3,1.0
2026-05-25 20:35:41,M1,1.0
2026-05-25 20:35:42,M2,1.0
2026-05-25 20:35:42,M3,1.0
2026-05-25 20:35:53,M1,1.0
2026-05-25 20:35:53,M2,1.0
2026-05-25 20:35:53,M3,1.0
2026-05-25 20:36:04,M1,1.0
2026-05-25 20:36:04,M2,1.0
2026-05-25 20:36:05,M3,0.9976076555023924
2026-05-25 20:36:16,M1,1.0
2026-05-25 20:36:16,M2,1.0
2026-05-25 20:36:16,M3,1.0
2026-05-25 20:36:27,M1,1.0
2026-05-25 20:36:27,M2,1.0
2026-05-25 20:36:27,M3,1.0
2026-05-25 20:36:38,M1,1.0
2026-05-25 20:36:39,M2,1.0
2026-05-25 20:36:39,M3,1.0
2026-05-25 20:36:50,M1,1.0
2026-05-25 20:36:50,M2,1.0
2026-05-25 20:36:50,M3,0.9976133651551312
2026-05-25 20:37:01,M1,1.0
2026-05-25 20:37:01,M2,1.0
2026-05-25 20:37:01,M3,0.9976190476190476
2026-05-25 20:37:12,M1,1.0
2026-05-25 20:37:13,M2,1.0
2026-05-25 20:37:13,M3,0.997624703087886
2026-05-25 20:37:24,M1,1.0
2026-05-25 20:37:24,M2,1.0
2026-05-25 20:37:24,M3,0.997624703087886
2026-05-25 20:37:35,M1,1.0
2026-05-25 20:37:35,M2,1.0
2026-05-25 20:37:35,M3,0.997624703087886
2026-05-25 20:37:46,M1,1.0
2026-05-25 20:37:46,M2,1.0
2026-05-25 20:37:47,M3,1.0
2026-05-25 20:37:58,M1,1.0
2026-05-25 20:37:58,M2,1.0
2026-05-25 20:37:58,M3,1.0
2026-05-25 20:38:09,M1,1.0
2026-05-25 20:38:09,M2,1.0
2026-05-25 20:38:10,M3,1.0
2026-05-25 20:38:20,M1,1.0
2026-05-25 20:38:21,M2,1.0
2026-05-25 20:38:21,M3,1.0
2026-05-25 20:38:32,M1,1.0
2026-05-25 20:38:32,M2,1.0
2026-05-25 20:38:32,M3,1.0
2026-05-25 20:38:43,M1,1.0
2026-05-25 20:38:44,M2,1.0
2026-05-25 20:38:44,M3,1.0
2026-05-25 20:38:55,M1,1.0
2026-05-25 20:38:55,M2,1.0
2026-05-25 20:38:55,M3,1.0
2026-05-25 20:39:06,M1,1.0
2026-05-25 20:39:06,M2,1.0
2026-05-25 20:39:07,M3,1.0
2026-05-25 20:39:18,M1,1.0
2026-05-25 20:39:18,M2,1.0
2026-05-25 20:39:18,M3,1.0
2026-05-25 20:39:29,M1,1.0
2026-05-25 20:39:29,M2,1.0
2026-05-25 20:39:30,M3,1.0
2026-05-25 20:39:41,M1,1.0
2026-05-25 20:39:41,M2,1.0
2026-05-25 20:39:41,M3,1.0
2026-05-25 20:39:52,M1,1.0
2026-05-25 20:39:52,M2,1.0
2026-05-25 20:39:53,M3,1.0
2026-05-25 20:40:03,M1,1.0
2026-05-25 20:40:04,M2,1.0
2026-05-25 20:40:04,M3,1.0
2026-05-25 20:40:15,M1,1.0
2026-05-25 20:40:15,M2,1.0
2026-05-25 20:40:15,M3,1.0
2026-05-25 20:40:26,M1,1.0
2026-05-25 20:40:26,M2,1.0
2026-05-25 20:40:27,M3,1.0
2026-05-25 20:40:38,M1,1.0
2026-05-25 20:40:38,M2,1.0
2026-05-25 20:40:38,M3,1.0
2026-05-25 20:40:49,M1,1.0
2026-05-25 20:40:49,M2,1.0
2026-05-25 20:40:49,M3,1.0
2026-05-25 20:41:01,M1,1.0
2026-05-25 20:41:01,M2,1.0
2026-05-25 20:41:01,M3,0.9976580796252927
2026-05-25 20:41:13,M1,1.0
2026-05-25 20:41:13,M2,1.0
2026-05-25 20:41:13,M3,1.0
2026-05-25 20:41:24,M1,1.0
2026-05-25 20:41:25,M2,1.0
2026-05-25 20:41:26,M3,1.0
2026-05-25 20:41:38,M1,1.0
2026-05-25 20:41:38,M2,1.0
2026-05-25 20:41:38,M3,1.0
2026-05-25 20:41:50,M1,1.0
2026-05-25 20:41:50,M2,1.0
2026-05-25 20:41:51,M3,0.9976689976689976
2026-05-25 20:42:02,M1,0.997737556561086
2026-05-25 20:42:02,M2,1.0
2026-05-25 20:42:03,M3,1.0
2026-05-25 20:42:14,M1,1.0
2026-05-25 20:42:14,M2,1.0
2026-05-25 20:42:14,M3,1.0
2026-05-25 20:42:26,M1,1.0
2026-05-25 20:42:26,M2,1.0
2026-05-25 20:42:27,M3,1.0
2026-05-25 20:42:38,M1,1.0
2026-05-25 20:42:38,M2,1.0
2026-05-25 20:42:39,M3,1.0
2026-05-25 20:42:50,M1,1.0
2026-05-25 20:42:50,M2,1.0
2026-05-25 20:42:50,M3,1.0
2026-05-25 20:43:01,M1,1.0
2026-05-25 20:43:02,M2,1.0
2026-05-25 20:43:03,M3,1.0
2026-05-25 20:43:14,M1,1.0
2026-05-25 20:43:14,M2,1.0
2026-05-25 20:43:15,M3,1.0
2026-05-25 20:43:26,M1,1.0
2026-05-25 20:43:26,M2,1.0
2026-05-25 20:43:27,M3,1.0
2026-05-25 20:43:38,M1,1.0
2026-05-25 20:43:38,M2,1.0
2026-05-25 20:43:38,M3,0.9976851851851852
2026-05-25 20:43:49,M1,1.0
2026-05-25 20:43:49,M2,1.0
2026-05-25 20:43:50,M3,1.0
2026-05-25 20:44:01,M1,1.0
2026-05-25 20:44:02,M2,1.0
2026-05-25 20:44:02,M3,1.0
2026-05-25 20:44:14,M1,1.0
2026-05-25 20:44:15,M2,1.0
2026-05-25 20:44:15,M3,1.0
2026-05-25 20:44:27,M1,1.0
2026-05-25 20:44:27,M2,1.0
2026-05-25 20:44:27,M3,1.0
2026-05-25 20:44:38,M1,0.9977678571428571
2026-05-25 20:44:38,M2,1.0
2026-05-25 20:44:38,M3,1.0
2026-05-25 20:44:49,M1,1.0
2026-05-25 20:44:50,M2,1.0
2026-05-25 20:44:50,M3,1.0
2026-05-25 20:45:01,M1,0.9955456570155902
2026-05-25 20:45:01,M2,1.0
2026-05-25 20:45:01,M3,1.0
2026-05-25 20:45:12,M1,0.9955456570155902
2026-05-25 20:45:12,M2,1.0
2026-05-25 20:45:12,M3,1.0
2026-05-25 20:45:23,M1,1.0
2026-05-25 20:45:24,M2,1.0
2026-05-25 20:45:24,M3,1.0
2026-05-25 20:45:35,M1,1.0
2026-05-25 20:45:35,M2,1.0
2026-05-25 20:45:35,M3,1.0
2026-05-25 20:45:46,M1,1.0
2026-05-25 20:45:46,M2,1.0
2026-05-25 20:45:47,M3,1.0
2026-05-25 20:45:57,M1,1.0
2026-05-25 20:45:58,M2,1.0
2026-05-25 20:45:58,M3,1.0
2026-05-25 20:46:09,M1,1.0
2026-05-25 20:46:09,M2,1.0
2026-05-25 20:46:09,M3,1.0
2026-05-25 20:46:20,M1,1.0
2026-05-25 20:46:20,M2,1.0
2026-05-25 20:46:21,M3,1.0
2026-05-25 20:46:32,M1,1.0
2026-05-25 20:46:32,M2,1.0
2026-05-25 20:46:32,M3,1.0
2026-05-25 20:46:43,M1,1.0
2026-05-25 20:46:43,M2,1.0
2026-05-25 20:46:43,M3,1.0
2026-05-25 20:46:54,M1,1.0
2026-05-25 20:46:55,M2,1.0
2026-05-25 20:46:55,M3,1.0
2026-05-25 20:47:06,M1,1.0
2026-05-25 20:47:06,M2,1.0
2026-05-25 20:47:06,M3,1.0
2026-05-25 20:47:17,M1,1.0
2026-05-25 20:47:17,M2,1.0
2026-05-25 20:47:18,M3,1.0
2026-05-25 20:47:29,M1,1.0
2026-05-25 20:47:29,M2,1.0
2026-05-25 20:47:29,M3,1.0
2026-05-25 20:47:40,M1,1.0
2026-05-25 20:47:40,M2,1.0
2026-05-25 20:47:41,M3,1.0
2026-05-25 20:47:51,M1,1.0
2026-05-25 20:47:52,M2,1.0
2026-05-25 20:47:52,M3,0.9977324263038548
2026-05-25 20:48:03,M1,1.0
2026-05-25 20:48:03,M2,1.0
2026-05-25 20:48:03,M3,1.0
2026-05-25 20:48:14,M1,1.0
2026-05-25 20:48:15,M2,1.0
2026-05-25 20:48:15,M3,1.0
2026-05-25 20:48:26,M1,1.0
2026-05-25 20:48:26,M2,1.0
2026-05-25 20:48:26,M3,1.0
2026-05-25 20:48:37,M1,1.0
2026-05-25 20:48:37,M2,1.0
2026-05-25 20:48:38,M3,1.0
2026-05-25 20:48:49,M1,1.0
2026-05-25 20:48:49,M2,1.0
2026-05-25 20:48:49,M3,1.0
2026-05-25 20:49:00,M1,1.0
2026-05-25 20:49:00,M2,1.0
2026-05-25 20:49:01,M3,1.0
2026-05-25 20:49:12,M1,1.0
2026-05-25 20:49:12,M2,1.0
2026-05-25 20:49:12,M3,1.0
2026-05-25 20:49:23,M1,1.0
2026-05-25 20:49:23,M2,1.0
2026-05-25 20:49:24,M3,1.0
2026-05-25 20:49:35,M1,1.0
2026-05-25 20:49:35,M2,1.0
2026-05-25 20:49:35,M3,0.9977477477477478
2026-05-25 20:49:46,M1,1.0
2026-05-25 20:49:46,M2,1.0
2026-05-25 20:49:47,M3,0.9977528089887641
2026-05-25 20:49:57,M1,1.0
2026-05-25 20:49:58,M2,1.0
2026-05-25 20:49:58,M3,1.0
2026-05-25 20:50:09,M1,1.0
2026-05-25 20:50:09,M2,0.997737556561086
2026-05-25 20:50:09,M3,1.0
2026-05-25 20:50:20,M1,1.0
2026-05-25 20:50:21,M2,1.0
2026-05-25 20:50:21,M3,0.9977528089887641
2026-05-25 20:50:32,M1,1.0
2026-05-25 20:50:32,M2,1.0
2026-05-25 20:50:32,M3,1.0
2026-05-25 20:50:43,M1,1.0
2026-05-25 20:50:43,M2,1.0
2026-05-25 20:50:44,M3,1.0
2026-05-25 20:50:55,M1,1.0
2026-05-25 20:50:55,M2,0.9977477477477478
2026-05-25 20:50:55,M3,1.0
2026-05-25 20:51:06,M1,1.0
2026-05-25 20:51:06,M2,0.9977477477477478
2026-05-25 20:51:07,M3,1.0
2026-05-25 20:51:17,M1,1.0
2026-05-25 20:51:18,M2,1.0
2026-05-25 20:51:18,M3,1.0
2026-05-25 20:51:29,M1,1.0
2026-05-25 20:51:29,M2,0.9977528089887641
2026-05-25 20:51:29,M3,1.0
2026-05-25 20:51:40,M1,1.0
2026-05-25 20:51:41,M2,0.9977528089887641
2026-05-25 20:51:41,M3,1.0
2026-05-25 20:51:52,M1,1.0
2026-05-25 20:51:52,M2,1.0
2026-05-25 20:51:52,M3,1.0
2026-05-25 20:52:03,M1,1.0
2026-05-25 20:52:03,M2,1.0
2026-05-25 20:52:04,M3,0.9977728285077951
2026-05-25 20:52:14,M1,1.0
2026-05-25 20:52:15,M2,1.0
2026-05-25 20:52:15,M3,1.0
2026-05-25 20:52:26,M1,1.0
2026-05-25 20:52:26,M2,1.0
2026-05-25 20:52:26,M3,0.9977777777777778
2026-05-25 20:52:37,M1,1.0
2026-05-25 20:52:38,M2,1.0
2026-05-25 20:52:38,M3,1.0
2026-05-25 20:52:49,M1,1.0
2026-05-25 20:52:49,M2,1.0
2026-05-25 20:52:50,M3,1.0
2026-05-25 20:53:01,M1,1.0
2026-05-25 20:53:01,M2,1.0
2026-05-25 20:53:01,M3,1.0
2026-05-25 20:53:12,M1,1.0
2026-05-25 20:53:12,M2,1.0
2026-05-25 20:53:12,M3,1.0
2026-05-25 20:53:23,M1,1.0
2026-05-25 20:53:24,M2,1.0
2026-05-25 20:53:24,M3,1.0
2026-05-25 20:53:35,M1,1.0
2026-05-25 20:53:35,M2,0.9977678571428571
2026-05-25 20:53:35,M3,1.0
2026-05-25 20:53:46,M1,1.0
2026-05-25 20:53:47,M2,1.0
2026-05-25 20:53:47,M3,1.0
2026-05-25 20:53:58,M1,1.0
2026-05-25 20:53:58,M2,1.0
2026-05-25 20:53:58,M3,1.0
2026-05-25 20:54:09,M1,1.0
2026-05-25 20:54:09,M2,1.0
2026-05-25 20:54:10,M3,1.0
2026-05-25 20:54:20,M1,1.0
2026-05-25 20:54:21,M2,0.9977777777777778
2026-05-25 20:54:21,M3,1.0
2026-05-25 20:54:32,M1,1.0
2026-05-25 20:54:32,M2,1.0
2026-05-25 20:54:32,M3,1.0
2026-05-25 20:54:43,M1,1.0
2026-05-25 20:54:43,M2,1.0
2026-05-25 20:54:44,M3,1.0
2026-05-25 20:54:54,M1,1.0
2026-05-25 20:54:55,M2,1.0
2026-05-25 20:54:55,M3,1.0
2026-05-25 20:55:06,M1,1.0
2026-05-25 20:55:06,M2,1.0
2026-05-25 20:55:06,M3,1.0
2026-05-25 20:55:17,M1,1.0
2026-05-25 20:55:18,M2,1.0
2026-05-25 20:55:18,M3,1.0
2026-05-25 20:55:29,M1,1.0
2026-05-25 20:55:29,M2,1.0
2026-05-25 20:55:29,M3,1.0
2026-05-25 20:55:40,M1,1.0
2026-05-25 20:55:40,M2,1.0
2026-05-25 20:55:41,M3,1.0
2026-05-25 20:55:51,M1,1.0
2026-05-25 20:55:52,M2,1.0
2026-05-25 20:55:52,M3,1.0
2026-05-25 20:56:03,M1,1.0
2026-05-25 20:56:03,M2,1.0
2026-05-25 20:56:03,M3,1.0
2026-05-25 20:56:14,M1,1.0
2026-05-25 20:56:15,M2,1.0
2026-05-25 20:56:15,M3,1.0
2026-05-25 20:56:26,M1,1.0
2026-05-25 20:56:26,M2,1.0
2026-05-25 20:56:26,M3,1.0
2026-05-25 20:56:37,M1,1.0
2026-05-25 20:56:37,M2,0.9978070175438597
2026-05-25 20:56:38,M3,1.0
2026-05-25 20:56:49,M1,1.0
2026-05-25 20:56:49,M2,0.9978118161925602
2026-05-25 20:56:49,M3,1.0
2026-05-25 20:57:00,M1,1.0
2026-05-25 20:57:00,M2,0.9978118161925602
2026-05-25 20:57:01,M3,1.0
2026-05-25 20:57:11,M1,1.0
2026-05-25 20:57:12,M2,1.0
2026-05-25 20:57:12,M3,1.0
2026-05-25 20:57:23,M1,1.0
2026-05-25 20:57:23,M2,1.0
2026-05-25 20:57:23,M3,1.0
2026-05-25 20:57:34,M1,1.0
2026-05-25 20:57:35,M2,1.0
2026-05-25 20:57:35,M3,1.0
2026-05-25 20:57:46,M1,1.0
2026-05-25 20:57:46,M2,0.9978165938864629
2026-05-25 20:57:46,M3,1.0
2026-05-25 20:57:57,M1,1.0
2026-05-25 20:57:57,M2,1.0
2026-05-25 20:57:58,M3,1.0
2026-05-25 20:58:09,M1,1.0
2026-05-25 20:58:09,M2,1.0
2026-05-25 20:58:09,M3,1.0
2026-05-25 20:58:20,M1,1.0
2026-05-25 20:58:20,M2,1.0
2026-05-25 20:58:20,M3,1.0
2026-05-25 20:58:31,M1,1.0
2026-05-25 20:58:32,M2,1.0
2026-05-25 20:58:32,M3,1.0
2026-05-25 20:58:43,M1,1.0
2026-05-25 20:58:43,M2,1.0
2026-05-25 20:58:43,M3,1.0
2026-05-25 20:59:22,M1,1.0
2026-05-25 20:59:22,M2,1.0
2026-05-25 20:59:23,M3,1.0
2026-05-25 20:59:34,M1,1.0
2026-05-25 20:59:34,M2,1.0
2026-05-25 20:59:34,M3,1.0
2026-05-25 20:59:44,M1,1.0
2026-05-25 20:59:44,M2,1.0
2026-05-25 20:59:45,M3,1.0
2026-05-25 20:59:55,M1,1.0
2026-05-25 20:59:55,M2,1.0
2026-05-25 20:59:55,M3,1.0
2026-05-25 21:00:05,M1,1.0
2026-05-25 21:00:06,M2,0.9978354978354979
2026-05-25 21:00:06,M3,1.0
2026-05-25 21:00:16,M1,1.0
2026-05-25 21:00:16,M2,0.9978401727861771
2026-05-25 21:00:16,M3,1.0
2026-05-25 21:00:26,M1,1.0
2026-05-25 21:00:27,M2,0.9978401727861771
2026-05-25 21:00:27,M3,1.0
2026-05-25 21:00:37,M1,1.0
2026-05-25 21:00:37,M2,1.0
2026-05-25 21:00:37,M3,1.0
2026-05-25 21:00:48,M1,1.0
2026-05-25 21:00:48,M2,1.0
2026-05-25 21:00:48,M3,1.0
2026-05-25 21:01:01,M1,1.0
2026-05-25 21:01:02,M2,1.0
2026-05-25 21:01:02,M3,1.0
2026-05-25 21:01:15,M1,1.0
2026-05-25 21:01:16,M2,1.0
2026-05-25 21:01:16,M3,1.0
2026-05-25 21:01:28,M1,1.0
2026-05-25 21:01:29,M2,1.0
2026-05-25 21:01:30,M3,1.0
2026-05-25 21:01:42,M1,1.0
2026-05-25 21:01:43,M2,1.0
2026-05-25 21:01:43,M3,1.0
2026-05-25 21:01:58,M1,1.0
2026-05-25 21:01:58,M2,1.0
2026-05-25 21:01:59,M3,1.0
2026-05-25 21:02:12,M1,1.0
2026-05-25 21:02:12,M2,1.0
2026-05-25 21:02:13,M3,1.0
2026-05-25 21:02:24,M1,1.0
2026-05-25 21:02:25,M2,1.0
2026-05-25 21:02:25,M3,1.0
2026-05-25 21:02:37,M1,1.0
2026-05-25 21:02:37,M2,1.0
2026-05-25 21:02:37,M3,1.0
2026-05-25 21:02:48,M1,1.0
2026-05-25 21:02:49,M2,1.0
2026-05-25 21:02:49,M3,1.0
2026-05-25 21:03:00,M1,1.0
2026-05-25 21:03:00,M2,1.0
2026-05-25 21:03:01,M3,1.0
2026-05-25 21:03:11,M1,1.0
2026-05-25 21:03:12,M2,1.0
2026-05-25 21:03:12,M3,1.0
2026-05-25 21:03:24,M1,1.0
2026-05-25 21:03:25,M2,1.0
2026-05-25 21:03:26,M3,1.0
2026-05-25 21:03:38,M1,1.0
2026-05-25 21:03:39,M2,1.0
2026-05-25 21:03:39,M3,1.0
2026-05-25 21:03:51,M1,1.0
2026-05-25 21:03:51,M2,1.0
2026-05-25 21:03:51,M3,1.0
2026-05-25 21:04:02,M1,1.0
2026-05-25 21:04:03,M2,1.0
2026-05-25 21:04:03,M3,1.0
2026-05-25 21:04:14,M1,1.0
2026-05-25 21:04:14,M2,0.9978768577494692
2026-05-25 21:04:14,M3,1.0
2026-05-25 21:04:25,M1,1.0
2026-05-25 21:04:25,M2,0.9978813559322034
2026-05-25 21:04:26,M3,1.0
2026-05-25 21:04:37,M1,1.0
2026-05-25 21:04:37,M2,0.9978813559322034
2026-05-25 21:04:37,M3,1.0
2026-05-25 21:04:48,M1,1.0
2026-05-25 21:04:48,M2,0.9978813559322034
2026-05-25 21:04:48,M3,1.0
2026-05-25 21:04:59,M1,1.0
2026-05-25 21:05:00,M2,0.9978858350951374
2026-05-25 21:05:00,M3,1.0
2026-05-25 21:05:11,M1,1.0
2026-05-25 21:05:11,M2,1.0
2026-05-25 21:05:11,M3,1.0
2026-05-25 21:05:22,M1,1.0
2026-05-25 21:05:22,M2,1.0
2026-05-25 21:05:23,M3,1.0
2026-05-25 21:05:34,M1,1.0
2026-05-25 21:05:34,M2,1.0
2026-05-25 21:05:34,M3,1.0
2026-05-25 21:05:45,M1,1.0
2026-05-25 21:05:45,M2,1.0
2026-05-25 21:05:45,M3,1.0
2026-05-25 21:05:56,M1,1.0
2026-05-25 21:05:57,M2,1.0
2026-05-25 21:05:57,M3,1.0
2026-05-25 21:06:08,M1,1.0
2026-05-25 21:06:08,M2,1.0
2026-05-25 21:06:08,M3,1.0
2026-05-25 21:06:19,M1,1.0
2026-05-25 21:06:19,M2,1.0
2026-05-25 21:06:19,M3,1.0
2026-05-25 21:06:30,M1,1.0
2026-05-25 21:06:31,M2,1.0
2026-05-25 21:06:31,M3,1.0
2026-05-25 21:06:42,M1,1.0
2026-05-25 21:06:42,M2,0.9979035639412998
2026-05-25 21:06:42,M3,1.0
2026-05-25 21:06:53,M1,1.0
2026-05-25 21:06:53,M2,0.9979035639412998
2026-05-25 21:06:54,M3,1.0
2026-05-25 21:07:05,M1,1.0
2026-05-25 21:07:05,M2,1.0
2026-05-25 21:07:05,M3,1.0
2026-05-25 21:07:16,M1,1.0
2026-05-25 21:07:17,M2,0.997907949790795
2026-05-25 21:07:17,M3,1.0
2026-05-25 21:07:28,M1,1.0
2026-05-25 21:07:28,M2,0.997907949790795
2026-05-25 21:07:28,M3,1.0
2026-05-25 21:07:40,M1,1.0
2026-05-25 21:07:40,M2,0.9979123173277662
2026-05-25 21:07:40,M3,1.0
2026-05-25 21:07:51,M1,0.9958932238193019
2026-05-25 21:07:51,M2,1.0
2026-05-25 21:07:51,M3,1.0
2026-05-25 21:08:02,M1,1.0
2026-05-25 21:08:03,M2,1.0
2026-05-25 21:08:03,M3,1.0
2026-05-25 21:08:14,M1,1.0
2026-05-25 21:08:14,M2,1.0
2026-05-25 21:08:14,M3,1.0
2026-05-25 21:08:25,M1,1.0
2026-05-25 21:08:26,M2,0.997920997920998
2026-05-25 21:08:26,M3,1.0
2026-05-25 21:08:37,M1,1.0
2026-05-25 21:08:38,M2,0.997920997920998
2026-05-25 21:08:38,M3,1.0
2026-05-25 21:08:50,M1,1.0
2026-05-25 21:08:50,M2,1.0
2026-05-25 21:08:51,M3,1.0
2026-05-25 21:09:02,M1,1.0
2026-05-25 21:09:02,M2,1.0
2026-05-25 21:09:02,M3,0.9979296066252588
2026-05-25 21:09:14,M1,1.0
2026-05-25 21:09:14,M2,1.0
2026-05-25 21:09:14,M3,0.9979296066252588
2026-05-25 21:09:25,M1,1.0
2026-05-25 21:09:26,M2,1.0
2026-05-25 21:09:26,M3,0.9979296066252588
2026-05-25 21:09:38,M1,1.0
2026-05-25 21:09:38,M2,1.0
2026-05-25 21:09:38,M3,1.0
2026-05-25 21:09:49,M1,1.0
2026-05-25 21:09:49,M2,1.0
2026-05-25 21:09:50,M3,1.0
2026-05-25 21:10:01,M1,1.0
2026-05-25 21:10:01,M2,0.9979338842975206
2026-05-25 21:10:01,M3,1.0
2026-05-25 21:10:12,M1,1.0
2026-05-25 21:10:12,M2,1.0
2026-05-25 21:10:12,M3,1.0
2026-05-25 21:10:23,M1,1.0
2026-05-25 21:10:24,M2,1.0
2026-05-25 21:10:24,M3,1.0
2026-05-25 21:10:35,M1,1.0
2026-05-25 21:10:35,M2,1.0
2026-05-25 21:10:35,M3,1.0
2026-05-25 21:10:46,M1,1.0
2026-05-25 21:10:46,M2,1.0
2026-05-25 21:10:47,M3,1.0
2026-05-25 21:10:58,M1,1.0
2026-05-25 21:10:58,M2,1.0
2026-05-25 21:10:58,M3,1.0
2026-05-25 21:11:09,M1,1.0
2026-05-25 21:11:09,M2,1.0
2026-05-25 21:11:09,M3,1.0
2026-05-25 21:11:20,M1,1.0
2026-05-25 21:11:21,M2,1.0
2026-05-25 21:11:21,M3,1.0
2026-05-25 21:11:32,M1,1.0
2026-05-25 21:11:32,M2,1.0
2026-05-25 21:11:32,M3,1.0
2026-05-25 21:11:43,M1,1.0
2026-05-25 21:11:44,M2,1.0
2026-05-25 21:11:44,M3,1.0
2026-05-25 21:11:55,M1,1.0
2026-05-25 21:11:55,M2,1.0
2026-05-25 21:11:55,M3,1.0
2026-05-25 21:12:06,M1,1.0
2026-05-25 21:12:06,M2,1.0
2026-05-25 21:12:07,M3,1.0
2026-05-25 21:12:18,M1,1.0
2026-05-25 21:12:18,M2,1.0
2026-05-25 21:12:18,M3,1.0
2026-05-25 21:12:29,M1,1.0
2026-05-25 21:12:29,M2,0.9959183673469387
2026-05-25 21:12:30,M3,1.0
2026-05-25 21:12:41,M1,1.0
2026-05-25 21:12:41,M2,1.0
2026-05-25 21:12:41,M3,1.0
2026-05-25 21:12:52,M1,1.0
2026-05-25 21:12:52,M2,1.0
2026-05-25 21:12:53,M3,1.0
2026-05-25 21:13:04,M1,1.0
2026-05-25 21:13:04,M2,1.0
2026-05-25 21:13:04,M3,1.0
2026-05-25 21:13:15,M1,1.0
2026-05-25 21:13:15,M2,1.0
2026-05-25 21:13:16,M3,1.0
2026-05-25 21:13:26,M1,1.0
2026-05-25 21:13:27,M2,0.9979674796747967
2026-05-25 21:13:27,M3,1.0
2026-05-25 21:13:38,M1,1.0
2026-05-25 21:13:38,M2,1.0
2026-05-25 21:13:38,M3,1.0
2026-05-25 21:13:49,M1,1.0
2026-05-25 21:13:50,M2,1.0
2026-05-25 21:13:50,M3,1.0
2026-05-25 21:14:01,M1,1.0
2026-05-25 21:14:01,M2,1.0
2026-05-25 21:14:01,M3,1.0
2026-05-25 21:14:12,M1,1.0
2026-05-25 21:14:12,M2,1.0
2026-05-25 21:14:13,M3,1.0
2026-05-25 21:14:24,M1,1.0
2026-05-25 21:14:24,M2,1.0
2026-05-25 21:14:24,M3,1.0
2026-05-25 21:14:35,M1,1.0
2026-05-25 21:14:35,M2,1.0
2026-05-25 21:14:36,M3,1.0
2026-05-25 21:14:46,M1,1.0
2026-05-25 21:14:47,M2,1.0
2026-05-25 21:14:47,M3,1.0
2026-05-25 21:14:58,M1,1.0
2026-05-25 21:14:58,M2,1.0
2026-05-25 21:14:58,M3,1.0
2026-05-25 21:15:09,M1,1.0
2026-05-25 21:15:10,M2,1.0
2026-05-25 21:15:10,M3,1.0
2026-05-25 21:15:21,M1,1.0
2026-05-25 21:15:21,M2,1.0
2026-05-25 21:15:21,M3,1.0
2026-05-25 21:15:32,M1,1.0
2026-05-25 21:15:33,M2,1.0
2026-05-25 21:15:33,M3,1.0
2026-05-25 21:15:44,M1,1.0
2026-05-25 21:15:44,M2,1.0
2026-05-25 21:15:44,M3,1.0
2026-05-25 21:15:55,M1,1.0
2026-05-25 21:15:55,M2,1.0
2026-05-25 21:15:56,M3,1.0
2026-05-25 21:16:07,M1,1.0
2026-05-25 21:16:07,M2,1.0
2026-05-25 21:16:07,M3,0.9979879275653923
2026-05-25 21:16:18,M1,1.0
2026-05-25 21:16:18,M2,1.0
2026-05-25 21:16:18,M3,1.0
2026-05-25 21:16:29,M1,1.0
2026-05-25 21:16:30,M2,1.0
2026-05-25 21:16:30,M3,1.0
2026-05-25 21:16:41,M1,1.0
2026-05-25 21:16:41,M2,1.0
2026-05-25 21:16:41,M3,1.0
2026-05-25 21:16:52,M1,1.0
2026-05-25 21:16:53,M2,1.0
2026-05-25 21:16:53,M3,0.9979959919839679
2026-05-25 21:17:04,M1,1.0
2026-05-25 21:17:04,M2,1.0
2026-05-25 21:17:04,M3,1.0
2026-05-25 21:17:15,M1,1.0
2026-05-25 21:17:15,M2,1.0
2026-05-25 21:17:16,M3,1.0
2026-05-25 21:17:27,M1,1.0
2026-05-25 21:17:27,M2,1.0
2026-05-25 21:17:27,M3,1.0
2026-05-25 21:17:38,M1,1.0
2026-05-25 21:17:38,M2,1.0
2026-05-25 21:17:39,M3,1.0
2026-05-25 21:17:49,M1,1.0
2026-05-25 21:17:50,M2,1.0
2026-05-25 21:17:50,M3,1.0
2026-05-25 21:18:01,M1,1.0
2026-05-25 21:18:01,M2,1.0
2026-05-25 21:18:01,M3,1.0
2026-05-25 21:18:12,M1,1.0
2026-05-25 21:18:13,M2,1.0
2026-05-25 21:18:13,M3,1.0
2026-05-25 21:18:24,M1,1.0
2026-05-25 21:18:24,M2,0.998019801980198
2026-05-25 21:18:24,M3,1.0
2026-05-25 21:18:35,M1,1.0
2026-05-25 21:18:36,M2,1.0
2026-05-25 21:18:36,M3,1.0
2026-05-25 21:18:47,M1,1.0
2026-05-25 21:18:47,M2,1.0
2026-05-25 21:18:47,M3,1.0
2026-05-25 21:18:58,M1,1.0
2026-05-25 21:18:59,M2,1.0
2026-05-25 21:18:59,M3,1.0
2026-05-25 21:19:10,M1,1.0
2026-05-25 21:19:10,M2,1.0
2026-05-25 21:19:10,M3,1.0
2026-05-25 21:19:21,M1,1.0
2026-05-25 21:19:21,M2,1.0
2026-05-25 21:19:22,M3,1.0
2026-05-25 21:19:33,M1,1.0
2026-05-25 21:19:33,M2,1.0
2026-05-25 21:19:33,M3,1.0
2026-05-25 21:19:44,M1,1.0
2026-05-25 21:19:44,M2,1.0
2026-05-25 21:19:45,M3,1.0
2026-05-25 21:19:55,M1,1.0
2026-05-25 21:19:56,M2,1.0
2026-05-25 21:19:56,M3,1.0
2026-05-25 21:20:07,M1,1.0
2026-05-25 21:20:07,M2,1.0
2026-05-25 21:20:07,M3,1.0
2026-05-25 21:20:18,M1,1.0
2026-05-25 21:20:18,M2,1.0
2026-05-25 21:20:19,M3,1.0
2026-05-25 21:20:30,M1,1.0
2026-05-25 21:20:30,M2,1.0
2026-05-25 21:20:30,M3,1.0
2026-05-25 21:20:41,M1,1.0
2026-05-25 21:20:41,M2,1.0
2026-05-25 21:20:41,M3,1.0
2026-05-25 21:20:52,M1,1.0
2026-05-25 21:20:53,M2,1.0
2026-05-25 21:20:53,M3,0.9980237154150198
2026-05-25 21:21:04,M1,1.0
2026-05-25 21:21:04,M2,1.0
2026-05-25 21:21:04,M3,1.0
2026-05-25 21:21:15,M1,1.0
2026-05-25 21:21:16,M2,1.0
2026-05-25 21:21:16,M3,1.0
2026-05-25 21:21:27,M1,1.0
2026-05-25 21:21:27,M2,1.0
2026-05-25 21:21:27,M3,1.0
2026-05-25 21:21:38,M1,1.0
2026-05-25 21:21:38,M2,1.0
2026-05-25 21:21:39,M3,1.0
2026-05-25 21:21:50,M1,1.0
2026-05-25 21:21:50,M2,0.9980430528375733
2026-05-25 21:21:50,M3,1.0
2026-05-25 21:22:01,M1,1.0
2026-05-25 21:22:01,M2,1.0
2026-05-25 21:22:02,M3,1.0
2026-05-25 21:22:12,M1,1.0
2026-05-25 21:22:13,M2,1.0
2026-05-25 21:22:13,M3,1.0
2026-05-25 21:22:24,M1,1.0
2026-05-25 21:22:24,M2,1.0
2026-05-25 21:22:24,M3,1.0
2026-05-25 21:22:35,M1,1.0
2026-05-25 21:22:36,M2,1.0
2026-05-25 21:22:36,M3,1.0
2026-05-25 21:22:47,M1,1.0
2026-05-25 21:22:47,M2,1.0
2026-05-25 21:22:47,M3,1.0
2026-05-25 21:22:58,M1,1.0
2026-05-25 21:22:58,M2,1.0
2026-05-25 21:22:59,M3,1.0
2026-05-25 21:23:10,M1,1.0
2026-05-25 21:23:10,M2,1.0
2026-05-25 21:23:10,M3,1.0
2026-05-25 21:23:21,M1,1.0
2026-05-25 21:23:21,M2,1.0
2026-05-25 21:23:22,M3,1.0
2026-05-25 21:23:32,M1,1.0
2026-05-25 21:23:33,M2,1.0
2026-05-25 21:23:33,M3,1.0
2026-05-25 21:23:44,M1,1.0
2026-05-25 21:23:44,M2,1.0
2026-05-25 21:23:44,M3,1.0
2026-05-25 21:23:55,M1,1.0
2026-05-25 21:23:56,M2,1.0
2026-05-25 21:23:56,M3,1.0
2026-05-25 21:24:07,M1,1.0
2026-05-25 21:24:07,M2,1.0
2026-05-25 21:24:07,M3,1.0
2026-05-25 21:24:18,M1,1.0
2026-05-25 21:24:19,M2,1.0
2026-05-25 21:24:19,M3,1.0
2026-05-25 21:24:30,M1,1.0
2026-05-25 21:24:30,M2,1.0
2026-05-25 21:24:30,M3,1.0
2026-05-25 21:24:41,M1,1.0
2026-05-25 21:24:41,M2,1.0
2026-05-25 21:24:42,M3,1.0
2026-05-25 21:24:53,M1,1.0
2026-05-25 21:24:53,M2,0.998062015503876
2026-05-25 21:24:53,M3,1.0
2026-05-25 21:25:04,M1,1.0
2026-05-25 21:25:05,M2,1.0
2026-05-25 21:25:05,M3,1.0
2026-05-25 21:25:16,M1,1.0
2026-05-25 21:25:16,M2,1.0
2026-05-25 21:25:16,M3,1.0
2026-05-25 21:25:27,M1,1.0
2026-05-25 21:25:28,M2,1.0
2026-05-25 21:25:28,M3,1.0
2026-05-25 21:25:39,M1,1.0
2026-05-25 21:25:39,M2,1.0
2026-05-25 21:25:39,M3,1.0
2026-05-25 21:25:50,M1,1.0
2026-05-25 21:25:50,M2,1.0
2026-05-25 21:25:51,M3,1.0
2026-05-25 21:26:02,M1,1.0
2026-05-25 21:26:02,M2,1.0
2026-05-25 21:26:02,M3,1.0
2026-05-25 21:26:13,M1,1.0
2026-05-25 21:26:13,M2,1.0
2026-05-25 21:26:14,M3,1.0
2026-05-25 21:26:25,M1,1.0
2026-05-25 21:26:25,M2,1.0
2026-05-25 21:26:25,M3,1.0
2026-05-25 21:26:36,M1,1.0
2026-05-25 21:26:36,M2,1.0
2026-05-25 21:26:36,M3,1.0
2026-05-25 21:26:47,M1,1.0
2026-05-25 21:26:48,M2,1.0
2026-05-25 21:26:48,M3,1.0
2026-05-25 21:26:59,M1,1.0
2026-05-25 21:26:59,M2,0.9980806142034548
2026-05-25 21:27:00,M3,1.0
2026-05-25 21:27:10,M1,1.0
2026-05-25 21:27:11,M2,0.9980806142034548
2026-05-25 21:27:11,M3,1.0
2026-05-25 21:27:22,M1,1.0
2026-05-25 21:27:22,M2,1.0
2026-05-25 21:27:22,M3,1.0
2026-05-25 21:27:33,M1,1.0
2026-05-25 21:27:34,M2,1.0
2026-05-25 21:27:34,M3,1.0
2026-05-25 21:27:45,M1,1.0
2026-05-25 21:27:45,M2,1.0
2026-05-25 21:27:46,M3,1.0
2026-05-25 21:27:57,M1,1.0
2026-05-25 21:27:57,M2,1.0
2026-05-25 21:27:57,M3,1.0
2026-05-25 21:28:09,M1,1.0
2026-05-25 21:28:09,M2,1.0
2026-05-25 21:28:09,M3,1.0
2026-05-25 21:28:20,M1,1.0
2026-05-25 21:28:20,M2,1.0
2026-05-25 21:28:21,M3,1.0
2026-05-25 21:28:31,M1,1.0
2026-05-25 21:28:32,M2,1.0
2026-05-25 21:28:32,M3,1.0
2026-05-25 21:28:43,M1,1.0
2026-05-25 21:28:43,M2,1.0
2026-05-25 21:28:43,M3,1.0
2026-05-25 21:28:54,M1,1.0
2026-05-25 21:28:55,M2,1.0
2026-05-25 21:28:55,M3,1.0
2026-05-25 21:29:06,M1,1.0
2026-05-25 21:29:06,M2,1.0
2026-05-25 21:29:06,M3,1.0
2026-05-25 21:29:17,M1,1.0
2026-05-25 21:29:17,M2,1.0
2026-05-25 21:29:18,M3,1.0
2026-05-25 21:29:29,M1,1.0
2026-05-25 21:29:29,M2,1.0
2026-05-25 21:29:29,M3,1.0
2026-05-25 21:29:40,M1,1.0
2026-05-25 21:29:40,M2,1.0
2026-05-25 21:29:41,M3,1.0
2026-05-25 21:29:52,M1,1.0
2026-05-25 21:29:52,M2,1.0
2026-05-25 21:29:52,M3,1.0
2026-05-25 21:30:03,M1,1.0
2026-05-25 21:30:03,M2,1.0
2026-05-25 21:30:04,M3,1.0
2026-05-25 21:30:15,M1,1.0
2026-05-25 21:30:15,M2,1.0
2026-05-25 21:30:15,M3,1.0
2026-05-25 21:30:26,M1,1.0
2026-05-25 21:30:26,M2,1.0
2026-05-25 21:30:27,M3,1.0
2026-05-25 21:30:38,M1,1.0
2026-05-25 21:30:38,M2,1.0
2026-05-25 21:30:38,M3,1.0
2026-05-25 21:30:49,M1,1.0
2026-05-25 21:30:49,M2,1.0
2026-05-25 21:30:50,M3,1.0
2026-05-25 21:31:01,M1,1.0
2026-05-25 21:31:01,M2,1.0
2026-05-25 21:31:01,M3,1.0
2026-05-25 21:31:12,M1,1.0
2026-05-25 21:31:12,M2,1.0
2026-05-25 21:31:13,M3,1.0
2026-05-25 21:31:24,M1,1.0
2026-05-25 21:31:24,M2,1.0
2026-05-25 21:31:24,M3,1.0
2026-05-25 21:31:35,M1,1.0
2026-05-25 21:31:36,M2,1.0
2026-05-25 21:31:36,M3,1.0
2026-05-25 21:31:47,M1,1.0
2026-05-25 21:31:47,M2,1.0
2026-05-25 21:31:47,M3,1.0
2026-05-25 21:31:58,M1,1.0
2026-05-25 21:31:59,M2,1.0
2026-05-25 21:31:59,M3,1.0
2026-05-25 21:32:10,M1,1.0
2026-05-25 21:32:10,M2,1.0
2026-05-25 21:32:10,M3,1.0
2026-05-25 21:32:21,M1,1.0
2026-05-25 21:32:22,M2,1.0
2026-05-25 21:32:22,M3,1.0
2026-05-25 21:32:33,M1,1.0
2026-05-25 21:32:33,M2,1.0
2026-05-25 21:32:33,M3,1.0
2026-05-25 21:32:44,M1,1.0
2026-05-25 21:32:45,M2,1.0
2026-05-25 21:32:45,M3,1.0
2026-05-25 21:32:56,M1,1.0
2026-05-25 21:32:56,M2,1.0
2026-05-25 21:32:56,M3,1.0
2026-05-25 21:33:07,M1,1.0
2026-05-25 21:33:07,M2,1.0
2026-05-25 21:33:08,M3,1.0
2026-05-25 21:33:19,M1,1.0
2026-05-25 21:33:19,M2,1.0
2026-05-25 21:33:19,M3,1.0
2026-05-25 21:33:30,M1,1.0
2026-05-25 21:33:30,M2,1.0
2026-05-25 21:33:31,M3,1.0
2026-05-25 21:33:42,M1,1.0
2026-05-25 21:33:42,M2,1.0
2026-05-25 21:33:42,M3,1.0
2026-05-25 21:33:53,M1,1.0
2026-05-25 21:33:53,M2,1.0
2026-05-25 21:33:54,M3,1.0
2026-05-25 21:34:05,M1,1.0
2026-05-25 21:34:05,M2,1.0
2026-05-25 21:34:05,M3,1.0
2026-05-25 21:34:16,M1,1.0
2026-05-25 21:34:17,M2,1.0
2026-05-25 21:34:17,M3,1.0
2026-05-25 21:34:28,M1,1.0
2026-05-25 21:34:28,M2,1.0
2026-05-25 21:34:28,M3,1.0
2026-05-25 21:34:39,M1,1.0
2026-05-25 21:34:40,M2,1.0
2026-05-25 21:34:40,M3,1.0
2026-05-25 21:34:51,M1,1.0
2026-05-25 21:34:51,M2,0.9981308411214953
2026-05-25 21:34:51,M3,1.0
2026-05-25 21:35:02,M1,1.0
2026-05-25 21:35:02,M2,0.9981308411214953
2026-05-25 21:35:03,M3,1.0
2026-05-25 21:35:13,M1,1.0
2026-05-25 21:35:14,M2,1.0
2026-05-25 21:35:14,M3,1.0
2026-05-25 21:35:25,M1,1.0
2026-05-25 21:35:25,M2,1.0
2026-05-25 21:35:25,M3,1.0
2026-05-25 21:35:36,M1,1.0
2026-05-25 21:35:36,M2,1.0
2026-05-25 21:35:36,M3,0.9981378026070763
2026-05-25 21:35:46,M1,1.0
2026-05-25 21:35:47,M2,1.0
2026-05-25 21:35:47,M3,0.9981378026070763
2026-05-25 21:35:57,M1,1.0
2026-05-25 21:35:57,M2,1.0
2026-05-25 21:35:58,M3,1.0
2026-05-25 21:36:08,M1,1.0
2026-05-25 21:36:08,M2,1.0
2026-05-25 21:36:08,M3,1.0
2026-05-25 21:36:19,M1,1.0
2026-05-25 21:36:19,M2,1.0
2026-05-25 21:36:19,M3,1.0
2026-05-25 21:36:30,M1,1.0
2026-05-25 21:36:30,M2,1.0
2026-05-25 21:36:30,M3,1.0
2026-05-25 21:36:41,M1,1.0
2026-05-25 21:36:41,M2,1.0
2026-05-25 21:36:41,M3,1.0
2026-05-25 21:36:52,M1,1.0
2026-05-25 21:36:52,M2,1.0
2026-05-25 21:36:52,M3,1.0
2026-05-25 21:37:02,M1,1.0
2026-05-25 21:37:03,M2,1.0
2026-05-25 21:37:03,M3,1.0
2026-05-25 21:37:13,M1,1.0
2026-05-25 21:37:13,M2,1.0
2026-05-25 21:37:14,M3,1.0
2026-05-25 21:37:24,M1,1.0
2026-05-25 21:37:24,M2,1.0
2026-05-25 21:37:24,M3,1.0
2026-05-25 21:37:35,M1,1.0
2026-05-25 21:37:35,M2,1.0
2026-05-25 21:37:35,M3,1.0
2026-05-25 21:37:46,M1,1.0
2026-05-25 21:37:46,M2,1.0
2026-05-25 21:37:46,M3,0.9981481481481481
2026-05-25 21:37:57,M1,1.0
2026-05-25 21:37:57,M2,1.0
2026-05-25 21:37:57,M3,1.0
2026-05-25 21:38:07,M1,1.0
2026-05-25 21:38:08,M2,1.0
2026-05-25 21:38:08,M3,1.0
2026-05-25 21:38:18,M1,1.0
2026-05-25 21:38:18,M2,1.0
2026-05-25 21:38:19,M3,1.0
2026-05-25 21:38:29,M1,1.0
2026-05-25 21:38:29,M2,1.0
2026-05-25 21:38:29,M3,0.9981549815498155
2026-05-25 21:38:40,M1,1.0
2026-05-25 21:38:40,M2,1.0
2026-05-25 21:38:40,M3,1.0
2026-05-25 21:38:51,M1,1.0
2026-05-25 21:38:51,M2,1.0
2026-05-25 21:38:51,M3,1.0
2026-05-25 21:39:02,M1,1.0
2026-05-25 21:39:02,M2,1.0
2026-05-25 21:39:02,M3,1.0
2026-05-25 21:39:13,M1,1.0
2026-05-25 21:39:13,M2,1.0
2026-05-25 21:39:13,M3,1.0
2026-05-25 21:39:23,M1,1.0
2026-05-25 21:39:24,M2,1.0
2026-05-25 21:39:24,M3,0.9981617647058824
2026-05-25 21:39:34,M1,1.0
2026-05-25 21:39:34,M2,1.0
2026-05-25 21:39:35,M3,0.9981617647058824
2026-05-25 21:39:45,M1,1.0
2026-05-25 21:39:45,M2,1.0
2026-05-25 21:39:45,M3,1.0
2026-05-25 21:39:56,M1,1.0
2026-05-25 21:39:56,M2,1.0
2026-05-25 21:39:56,M3,0.998165137614679
2026-05-25 21:40:07,M1,1.0
2026-05-25 21:40:07,M2,1.0
2026-05-25 21:40:07,M3,1.0
2026-05-25 21:40:18,M1,1.0
2026-05-25 21:40:18,M2,1.0
2026-05-25 21:40:18,M3,1.0
2026-05-25 21:40:29,M1,1.0
2026-05-25 21:40:29,M2,1.0
2026-05-25 21:40:29,M3,1.0
2026-05-25 21:40:39,M1,1.0
2026-05-25 21:40:40,M2,1.0
2026-05-25 21:40:40,M3,1.0
2026-05-25 21:40:50,M1,1.0
2026-05-25 21:40:51,M2,1.0
2026-05-25 21:40:51,M3,1.0
2026-05-25 21:41:01,M1,1.0
2026-05-25 21:41:01,M2,1.0
2026-05-25 21:41:01,M3,1.0
2026-05-25 21:41:12,M1,1.0
2026-05-25 21:41:12,M2,1.0
2026-05-25 21:41:12,M3,1.0
2026-05-25 21:41:23,M1,1.0
2026-05-25 21:41:23,M2,1.0
2026-05-25 21:41:23,M3,0.9981751824817519
2026-05-25 21:41:34,M1,1.0
2026-05-25 21:41:34,M2,1.0
2026-05-25 21:41:34,M3,0.9981751824817519
2026-05-25 21:41:44,M1,1.0
2026-05-25 21:41:45,M2,1.0
2026-05-25 21:41:45,M3,1.0
2026-05-25 21:41:56,M1,1.0
2026-05-25 21:41:56,M2,1.0
2026-05-25 21:41:56,M3,1.0
2026-05-25 21:42:07,M1,1.0
2026-05-25 21:42:07,M2,1.0
2026-05-25 21:42:07,M3,1.0
2026-05-25 21:42:18,M1,1.0
2026-05-25 21:42:18,M2,1.0
2026-05-25 21:42:18,M3,1.0
2026-05-25 21:42:28,M1,1.0
2026-05-25 21:42:29,M2,1.0
2026-05-25 21:42:29,M3,0.9981818181818182
2026-05-25 21:42:39,M1,1.0
2026-05-25 21:42:39,M2,1.0
2026-05-25 21:42:40,M3,0.9981818181818182
2026-05-25 21:42:50,M1,1.0
2026-05-25 21:42:50,M2,1.0
2026-05-25 21:42:50,M3,1.0
2026-05-25 21:43:01,M1,1.0
2026-05-25 21:43:01,M2,1.0
2026-05-25 21:43:01,M3,1.0
2026-05-25 21:43:12,M1,1.0
2026-05-25 21:43:12,M2,1.0
2026-05-25 21:43:12,M3,1.0
2026-05-25 21:43:23,M1,1.0
2026-05-25 21:43:23,M2,1.0
2026-05-25 21:43:23,M3,1.0
2026-05-25 21:43:33,M1,1.0
2026-05-25 21:43:34,M2,1.0
2026-05-25 21:43:34,M3,1.0
2026-05-25 21:43:44,M1,1.0
2026-05-25 21:43:45,M2,1.0
2026-05-25 21:43:45,M3,1.0
2026-05-25 21:43:55,M1,1.0
2026-05-25 21:43:55,M2,1.0
2026-05-25 21:43:56,M3,0.9981884057971014
2026-05-25 21:44:06,M1,1.0
2026-05-25 21:44:06,M2,1.0
2026-05-25 21:44:06,M3,0.9981884057971014
2026-05-25 21:44:17,M1,1.0
2026-05-25 21:44:17,M2,1.0
2026-05-25 21:44:17,M3,1.0
2026-05-25 21:44:28,M1,1.0
2026-05-25 21:44:28,M2,1.0
2026-05-25 21:44:28,M3,0.9981916817359855
2026-05-25 21:44:39,M1,1.0
2026-05-25 21:44:39,M2,1.0
2026-05-25 21:44:39,M3,1.0
2026-05-25 21:44:50,M1,1.0
2026-05-25 21:44:50,M2,1.0
2026-05-25 21:44:50,M3,1.0
2026-05-25 21:45:00,M1,1.0
2026-05-25 21:45:00,M2,1.0
2026-05-25 21:45:01,M3,0.9981949458483754
2026-05-25 21:45:18,M1,1.0
2026-05-25 21:45:18,M2,1.0
2026-05-25 21:45:18,M3,0.9981949458483754
2026-05-25 21:45:28,M1,1.0
2026-05-25 21:45:29,M2,1.0
2026-05-25 21:45:29,M3,0.9981981981981982
2026-05-25 21:45:39,M1,1.0
2026-05-25 21:45:39,M2,1.0
2026-05-25 21:45:39,M3,1.0
2026-05-25 21:45:49,M1,1.0
2026-05-25 21:45:50,M2,1.0
2026-05-25 21:45:50,M3,0.9982014388489209
2026-05-25 21:46:00,M1,1.0
2026-05-25 21:46:00,M2,1.0
2026-05-25 21:46:00,M3,0.9982014388489209
2026-05-25 21:46:10,M1,1.0
2026-05-25 21:46:10,M2,1.0
2026-05-25 21:46:10,M3,0.9982046678635548
2026-05-25 21:46:21,M1,1.0
2026-05-25 21:46:21,M2,1.0
2026-05-25 21:46:21,M3,1.0
2026-05-25 21:46:31,M1,1.0
2026-05-25 21:46:31,M2,1.0
2026-05-25 21:46:31,M3,1.0
2026-05-25 21:46:50,M1,1.0
2026-05-25 21:46:50,M2,1.0
2026-05-25 21:46:50,M3,1.0
2026-05-25 21:47:00,M1,1.0
2026-05-25 21:47:00,M2,1.0
2026-05-25 21:47:01,M3,1.0
2026-05-25 21:47:11,M1,1.0
2026-05-25 21:47:11,M2,1.0
2026-05-25 21:47:11,M3,1.0
2026-05-25 21:47:21,M1,1.0
2026-05-25 21:47:21,M2,1.0
2026-05-25 21:47:21,M3,1.0
2026-05-25 21:47:32,M1,1.0
2026-05-25 21:47:32,M2,1.0
2026-05-25 21:47:32,M3,0.998211091234347
2026-05-25 21:47:42,M1,1.0
2026-05-25 21:47:42,M2,1.0
2026-05-25 21:47:42,M3,0.998211091234347
2026-05-25 21:47:53,M1,1.0
2026-05-25 21:47:53,M2,1.0
2026-05-25 21:47:53,M3,0.998211091234347
2026-05-25 21:48:03,M1,1.0
2026-05-25 21:48:03,M2,1.0
2026-05-25 21:48:03,M3,0.998211091234347
2026-05-25 21:48:13,M1,1.0
2026-05-25 21:48:14,M2,1.0
2026-05-25 21:48:14,M3,0.9982142857142857
2026-05-25 21:48:24,M1,1.0
2026-05-25 21:48:24,M2,1.0
2026-05-25 21:48:25,M3,0.9982142857142857
2026-05-25 21:48:36,M1,1.0
2026-05-25 21:48:36,M2,1.0
2026-05-25 21:48:36,M3,1.0
2026-05-25 21:48:47,M1,1.0
2026-05-25 21:48:47,M2,1.0
2026-05-25 21:48:48,M3,1.0
2026-05-25 21:48:59,M1,1.0
2026-05-25 21:48:59,M2,1.0
2026-05-25 21:48:59,M3,1.0
2026-05-25 21:49:10,M1,1.0
2026-05-25 21:49:10,M2,1.0
2026-05-25 21:49:11,M3,1.0
2026-05-25 21:49:22,M1,1.0
2026-05-25 21:49:22,M2,1.0
2026-05-25 21:49:22,M3,1.0
2026-05-25 21:49:33,M1,1.0
2026-05-25 21:49:33,M2,1.0
2026-05-25 21:49:34,M3,1.0
2026-05-25 21:49:45,M1,1.0
2026-05-25 21:49:45,M2,1.0
2026-05-25 21:49:45,M3,0.998220640569395
2026-05-25 21:49:56,M1,1.0
2026-05-25 21:49:56,M2,1.0
2026-05-25 21:49:57,M3,1.0
2026-05-25 21:50:08,M1,1.0
2026-05-25 21:50:08,M2,1.0
2026-05-25 21:50:08,M3,0.9982238010657194
2026-05-25 21:50:19,M1,1.0
2026-05-25 21:50:19,M2,1.0
2026-05-25 21:50:20,M3,1.0
2026-05-25 21:50:31,M1,1.0
2026-05-25 21:50:31,M2,1.0
2026-05-25 21:50:31,M3,1.0
2026-05-25 21:50:42,M1,1.0
2026-05-25 21:50:42,M2,1.0
2026-05-25 21:50:43,M3,0.9982300884955753
2026-05-25 21:50:54,M1,1.0
2026-05-25 21:50:54,M2,1.0
2026-05-25 21:50:54,M3,0.9982332155477032
2026-05-25 21:51:05,M1,1.0
2026-05-25 21:51:05,M2,1.0
2026-05-25 21:51:06,M3,1.0
2026-05-25 21:51:16,M1,1.0
2026-05-25 21:51:17,M2,1.0
2026-05-25 21:51:17,M3,0.9982332155477032
2026-05-25 21:51:28,M1,1.0
2026-05-25 21:51:28,M2,1.0
2026-05-25 21:51:29,M3,1.0
2026-05-25 21:51:39,M1,1.0
2026-05-25 21:51:40,M2,1.0
2026-05-25 21:51:40,M3,0.9982394366197183
2026-05-25 21:51:51,M1,1.0
2026-05-25 21:51:51,M2,1.0
2026-05-25 21:51:51,M3,0.9982394366197183
2026-05-25 21:52:02,M1,1.0
2026-05-25 21:52:03,M2,1.0
2026-05-25 21:52:03,M3,0.9982394366197183
2026-05-25 21:52:14,M1,1.0
2026-05-25 21:52:14,M2,1.0
2026-05-25 21:52:15,M3,0.9982425307557118
2026-05-25 21:52:25,M1,1.0
2026-05-25 21:52:26,M2,1.0
2026-05-25 21:52:26,M3,1.0
2026-05-25 21:52:37,M1,1.0
2026-05-25 21:52:37,M2,1.0
2026-05-25 21:52:38,M3,1.0
2026-05-25 21:52:48,M1,1.0
2026-05-25 21:52:49,M2,1.0
2026-05-25 21:52:49,M3,1.0
2026-05-25 21:53:00,M1,1.0
2026-05-25 21:53:00,M2,1.0
2026-05-25 21:53:00,M3,1.0
2026-05-25 21:53:11,M1,1.0
2026-05-25 21:53:12,M2,1.0
2026-05-25 21:53:12,M3,1.0
2026-05-25 21:53:23,M1,1.0
2026-05-25 21:53:23,M2,1.0
2026-05-25 21:53:24,M3,0.9982456140350877
2026-05-25 21:53:35,M1,1.0
2026-05-25 21:53:35,M2,1.0
2026-05-25 21:53:35,M3,1.0
2026-05-25 21:53:46,M1,1.0
2026-05-25 21:53:46,M2,1.0
2026-05-25 21:53:47,M3,0.9982486865148862
2026-05-25 21:53:58,M1,1.0
2026-05-25 21:53:58,M2,1.0
2026-05-25 21:53:58,M3,1.0
2026-05-25 21:54:09,M1,1.0
2026-05-25 21:54:09,M2,1.0
2026-05-25 21:54:10,M3,1.0
2026-05-25 21:54:21,M1,1.0
2026-05-25 21:54:21,M2,1.0
2026-05-25 21:54:21,M3,1.0
2026-05-25 21:54:33,M1,1.0
2026-05-25 21:54:33,M2,1.0
2026-05-25 21:54:33,M3,0.9982547993019197
2026-05-25 21:54:44,M1,1.0
2026-05-25 21:54:45,M2,1.0
2026-05-25 21:54:45,M3,0.9982547993019197
2026-05-25 21:54:56,M1,1.0
2026-05-25 21:54:56,M2,1.0
2026-05-25 21:54:57,M3,0.9982578397212544
2026-05-25 21:55:08,M1,1.0
2026-05-25 21:55:08,M2,1.0
2026-05-25 21:55:09,M3,0.9982578397212544
2026-05-25 21:55:20,M1,1.0
2026-05-25 21:55:21,M2,1.0
2026-05-25 21:55:21,M3,0.9982578397212544
2026-05-25 21:55:32,M1,1.0
2026-05-25 21:55:32,M2,1.0
2026-05-25 21:55:33,M3,1.0
2026-05-25 21:55:44,M1,1.0
2026-05-25 21:55:44,M2,1.0
2026-05-25 21:55:44,M3,0.9982638888888888
2026-05-25 21:55:55,M1,1.0
2026-05-25 21:55:55,M2,1.0
2026-05-25 21:55:56,M3,1.0
2026-05-25 21:56:07,M1,1.0
2026-05-25 21:56:07,M2,1.0
2026-05-25 21:56:07,M3,1.0
2026-05-25 21:56:18,M1,1.0
2026-05-25 21:56:18,M2,1.0
2026-05-25 21:56:19,M3,1.0
2026-05-25 21:56:30,M1,1.0
2026-05-25 21:56:30,M2,1.0
2026-05-25 21:56:30,M3,0.9982698961937716
2026-05-25 21:56:41,M1,1.0
2026-05-25 21:56:41,M2,1.0
2026-05-25 21:56:42,M3,1.0
2026-05-25 21:56:53,M1,1.0
2026-05-25 21:56:53,M2,1.0
2026-05-25 21:56:53,M3,0.998272884283247
2026-05-25 21:57:04,M1,1.0
2026-05-25 21:57:05,M2,1.0
2026-05-25 21:57:05,M3,0.9982758620689656
2026-05-25 21:57:16,M1,1.0
2026-05-25 21:57:16,M2,1.0
2026-05-25 21:57:16,M3,0.9982758620689656
2026-05-25 21:57:27,M1,1.0
2026-05-25 21:57:28,M2,1.0
2026-05-25 21:57:28,M3,0.9982788296041308
2026-05-25 21:57:39,M1,1.0
2026-05-25 21:57:39,M2,1.0
2026-05-25 21:57:39,M3,1.0
2026-05-25 21:57:51,M1,1.0
2026-05-25 21:57:51,M2,1.0
2026-05-25 21:57:51,M3,0.9982817869415808
2026-05-25 21:58:02,M1,1.0
2026-05-25 21:58:02,M2,1.0
2026-05-25 21:58:03,M3,1.0
2026-05-25 21:58:14,M1,1.0
2026-05-25 21:58:14,M2,1.0
2026-05-25 21:58:14,M3,0.9982847341337907
2026-05-25 21:58:25,M1,1.0
2026-05-25 21:58:25,M2,1.0
2026-05-25 21:58:26,M3,0.9982847341337907
2026-05-25 21:58:37,M1,1.0
2026-05-25 21:58:37,M2,1.0
2026-05-25 21:58:37,M3,0.9982876712328768
2026-05-25 21:58:48,M1,1.0
2026-05-25 21:58:48,M2,1.0
2026-05-25 21:58:48,M3,0.9982876712328768
2026-05-25 21:58:59,M1,1.0
2026-05-25 21:59:00,M2,1.0
2026-05-25 21:59:00,M3,0.9982876712328768
2026-05-25 21:59:11,M1,1.0
2026-05-25 21:59:11,M2,1.0
2026-05-25 21:59:11,M3,1.0
2026-05-25 21:59:23,M1,1.0
2026-05-25 21:59:23,M2,1.0
2026-05-25 21:59:23,M3,1.0
2026-05-25 21:59:34,M1,1.0
2026-05-25 21:59:34,M2,1.0
2026-05-25 21:59:35,M3,1.0
2026-05-25 21:59:46,M1,1.0
2026-05-25 21:59:46,M2,1.0
2026-05-25 21:59:46,M3,1.0
2026-05-25 21:59:57,M1,1.0
2026-05-25 21:59:57,M2,1.0
2026-05-25 21:59:58,M3,0.9982964224872232
2026-05-25 22:00:09,M1,1.0
2026-05-25 22:00:09,M2,1.0
2026-05-25 22:00:09,M3,0.9982964224872232
2026-05-25 22:00:20,M1,1.0
2026-05-25 22:00:20,M2,1.0
2026-05-25 22:00:21,M3,0.9982964224872232
2026-05-25 22:00:32,M1,1.0
2026-05-25 22:00:32,M2,1.0
2026-05-25 22:00:32,M3,0.9982964224872232
2026-05-25 22:00:43,M1,1.0
2026-05-25 22:00:43,M2,1.0
2026-05-25 22:00:44,M3,0.9982993197278912
2026-05-25 22:00:55,M1,1.0
2026-05-25 22:00:55,M2,1.0
2026-05-25 22:00:55,M3,1.0
2026-05-25 22:01:06,M1,1.0
2026-05-25 22:01:06,M2,1.0
2026-05-25 22:01:07,M3,0.99830220713073
2026-05-25 22:01:18,M1,1.0
2026-05-25 22:01:18,M2,1.0
2026-05-25 22:01:18,M3,0.99830220713073
2026-05-25 22:01:29,M1,1.0
2026-05-25 22:01:29,M2,1.0
2026-05-25 22:01:30,M3,1.0
2026-05-25 22:01:40,M1,1.0
2026-05-25 22:01:41,M2,1.0
2026-05-25 22:01:41,M3,0.9983050847457627
2026-05-25 22:01:52,M1,1.0
2026-05-25 22:01:52,M2,1.0
2026-05-25 22:01:53,M3,1.0
2026-05-25 22:02:03,M1,1.0
2026-05-25 22:02:03,M2,1.0
2026-05-25 22:02:04,M3,1.0
2026-05-26 01:02:12,M1,1.0
2026-05-26 01:02:12,M2,1.0
2026-05-26 01:02:12,M3,1.0
2026-05-26 09:30:41,M1,1.0
2026-05-26 09:30:41,M2,1.0
2026-05-26 09:30:41,M3,1.0
2026-05-26 09:30:51,M1,1.0
2026-05-26 09:30:52,M2,1.0
2026-05-26 09:30:52,M3,1.0
2026-05-26 09:31:02,M1,1.0
2026-05-26 09:31:02,M2,1.0
2026-05-26 09:31:02,M3,0.9983108108108109
2026-05-26 09:31:59,M1,1.0
2026-05-26 09:32:00,M2,1.0
2026-05-26 09:32:00,M3,1.0
2026-05-26 09:32:11,M1,1.0
2026-05-26 09:32:11,M2,1.0
2026-05-26 09:32:11,M3,0.9983136593591906
2026-05-26 09:32:22,M1,1.0
2026-05-26 09:32:22,M2,1.0
2026-05-26 09:32:22,M3,0.9983164983164983
